date,source,unit,State,year,month,value
2024-01-15,Coal,MW,Andhra Pradesh,2024,1,13190
2024-02-15,Coal,MW,Andhra Pradesh,2024,2,13190
2024-03-15,Coal,MW,Andhra Pradesh,2024,3,13190
2024-04-15,Coal,MW,Andhra Pradesh,2024,4,13190
2024-05-15,Coal,MW,Andhra Pradesh,2024,5,13190
2024-06-15,Coal,MW,Andhra Pradesh,2024,6,13190
2024-07-15,Coal,MW,Andhra Pradesh,2024,7,13190
2024-08-15,Coal,MW,Andhra Pradesh,2024,8,13190
2024-09-15,Coal,MW,Andhra Pradesh,2024,9,13190
2024-10-15,Coal,MW,Andhra Pradesh,2024,10,13190
2024-11-15,Coal,MW,Andhra Pradesh,2024,11,13190
2024-12-15,Coal,MW,Andhra Pradesh,2024,12,13190
2025-01-15,Coal,MW,Andhra Pradesh,2025,1,13190
2025-02-15,Coal,MW,Andhra Pradesh,2025,2,13190
2025-03-15,Coal,MW,Andhra Pradesh,2025,3,13190
2025-04-15,Coal,MW,Andhra Pradesh,2025,4,13190
2025-05-15,Coal,MW,Andhra Pradesh,2025,5,13190
2025-06-15,Coal,MW,Andhra Pradesh,2025,6,13190
2025-07-15,Coal,MW,Andhra Pradesh,2025,7,13540
2025-08-15,Coal,MW,Andhra Pradesh,2025,8,13890
2024-01-15,Oil & Gas,MW,Andhra Pradesh,2024,1,4898.54
2024-02-15,Oil & Gas,MW,Andhra Pradesh,2024,2,4898.54
2024-03-15,Oil & Gas,MW,Andhra Pradesh,2024,3,4898.54
2024-04-15,Oil & Gas,MW,Andhra Pradesh,2024,4,4678.54
2024-05-15,Oil & Gas,MW,Andhra Pradesh,2024,5,4678.54
2024-06-15,Oil & Gas,MW,Andhra Pradesh,2024,6,4678.54
2024-07-15,Oil & Gas,MW,Andhra Pradesh,2024,7,4678.54
2024-08-15,Oil & Gas,MW,Andhra Pradesh,2024,8,4678.54
2024-09-15,Oil & Gas,MW,Andhra Pradesh,2024,9,4678.54
2024-10-15,Oil & Gas,MW,Andhra Pradesh,2024,10,4678.54
2024-11-15,Oil & Gas,MW,Andhra Pradesh,2024,11,4678.54
2024-12-15,Oil & Gas,MW,Andhra Pradesh,2024,12,4678.54
2025-01-15,Oil & Gas,MW,Andhra Pradesh,2025,1,4678.54
2025-02-15,Oil & Gas,MW,Andhra Pradesh,2025,2,4678.54
2025-03-15,Oil & Gas,MW,Andhra Pradesh,2025,3,4678.54
2025-04-15,Oil & Gas,MW,Andhra Pradesh,2025,4,1739.4
2025-05-15,Oil & Gas,MW,Andhra Pradesh,2025,5,1739.4
2025-06-15,Oil & Gas,MW,Andhra Pradesh,2025,6,1739.4
2025-07-15,Oil & Gas,MW,Andhra Pradesh,2025,7,1739.4
2025-08-15,Oil & Gas,MW,Andhra Pradesh,2025,8,1739.4
2024-01-15,Nuclear,MW,Andhra Pradesh,2024,1,
2024-02-15,Nuclear,MW,Andhra Pradesh,2024,2,
2024-03-15,Nuclear,MW,Andhra Pradesh,2024,3,
2024-04-15,Nuclear,MW,Andhra Pradesh,2024,4,
2024-05-15,Nuclear,MW,Andhra Pradesh,2024,5,
2024-06-15,Nuclear,MW,Andhra Pradesh,2024,6,
2024-07-15,Nuclear,MW,Andhra Pradesh,2024,7,
2024-08-15,Nuclear,MW,Andhra Pradesh,2024,8,
2024-09-15,Nuclear,MW,Andhra Pradesh,2024,9,
2024-10-15,Nuclear,MW,Andhra Pradesh,2024,10,
2024-11-15,Nuclear,MW,Andhra Pradesh,2024,11,
2024-12-15,Nuclear,MW,Andhra Pradesh,2024,12,
2025-01-15,Nuclear,MW,Andhra Pradesh,2025,1,
2025-02-15,Nuclear,MW,Andhra Pradesh,2025,2,
2025-03-15,Nuclear,MW,Andhra Pradesh,2025,3,
2025-04-15,Nuclear,MW,Andhra Pradesh,2025,4,
2025-05-15,Nuclear,MW,Andhra Pradesh,2025,5,
2025-06-15,Nuclear,MW,Andhra Pradesh,2025,6,
2025-07-15,Nuclear,MW,Andhra Pradesh,2025,7,
2025-08-15,Nuclear,MW,Andhra Pradesh,2025,8,
2024-01-15,Hydro,MW,Andhra Pradesh,2024,1,1610
2024-02-15,Hydro,MW,Andhra Pradesh,2024,2,1610
2024-03-15,Hydro,MW,Andhra Pradesh,2024,3,1610
2024-04-15,Hydro,MW,Andhra Pradesh,2024,4,1610
2024-05-15,Hydro,MW,Andhra Pradesh,2024,5,1610
2024-06-15,Hydro,MW,Andhra Pradesh,2024,6,1610
2024-07-15,Hydro,MW,Andhra Pradesh,2024,7,1610
2024-08-15,Hydro,MW,Andhra Pradesh,2024,8,1610
2024-09-15,Hydro,MW,Andhra Pradesh,2024,9,1610
2024-10-15,Hydro,MW,Andhra Pradesh,2024,10,1610
2024-11-15,Hydro,MW,Andhra Pradesh,2024,11,1610
2024-12-15,Hydro,MW,Andhra Pradesh,2024,12,1610
2025-01-15,Hydro,MW,Andhra Pradesh,2025,1,1610
2025-02-15,Hydro,MW,Andhra Pradesh,2025,2,1610
2025-03-15,Hydro,MW,Andhra Pradesh,2025,3,1610
2025-04-15,Hydro,MW,Andhra Pradesh,2025,4,1610
2025-05-15,Hydro,MW,Andhra Pradesh,2025,5,1610
2025-06-15,Hydro,MW,Andhra Pradesh,2025,6,2810
2025-07-15,Hydro,MW,Andhra Pradesh,2025,7,2810
2025-08-15,Hydro,MW,Andhra Pradesh,2025,8,3050
2024-01-15,Solar,MW,Andhra Pradesh,2024,1,4565.6
2024-02-15,Solar,MW,Andhra Pradesh,2024,2,4566.85
2024-03-15,Solar,MW,Andhra Pradesh,2024,3,4584.98
2024-04-15,Solar,MW,Andhra Pradesh,2024,4,4590.06
2024-05-15,Solar,MW,Andhra Pradesh,2024,5,4613.3
2024-06-15,Solar,MW,Andhra Pradesh,2024,6,4623.2
2024-07-15,Solar,MW,Andhra Pradesh,2024,7,4623.2
2024-08-15,Solar,MW,Andhra Pradesh,2024,8,4627.47
2024-09-15,Solar,MW,Andhra Pradesh,2024,9,4648.18
2024-10-15,Solar,MW,Andhra Pradesh,2024,10,4650.89
2024-11-15,Solar,MW,Andhra Pradesh,2024,11,4653.6
2024-12-15,Solar,MW,Andhra Pradesh,2024,12,4730.27
2025-01-15,Solar,MW,Andhra Pradesh,2025,1,4736.47
2025-02-15,Solar,MW,Andhra Pradesh,2025,2,5179.23
2025-03-15,Solar,MW,Andhra Pradesh,2025,3,5370
2025-04-15,Solar,MW,Andhra Pradesh,2025,4,5406.9
2025-05-15,Solar,MW,Andhra Pradesh,2025,5,5434.38
2025-06-15,Solar,MW,Andhra Pradesh,2025,6,5507.48
2025-07-15,Solar,MW,Andhra Pradesh,2025,7,5523.28
2025-08-15,Solar,MW,Andhra Pradesh,2025,8,5742.54
2024-01-15,Wind,MW,Andhra Pradesh,2024,1,4096.65
2024-02-15,Wind,MW,Andhra Pradesh,2024,2,4096.65
2024-03-15,Wind,MW,Andhra Pradesh,2024,3,4096.65
2024-04-15,Wind,MW,Andhra Pradesh,2024,4,4096.65
2024-05-15,Wind,MW,Andhra Pradesh,2024,5,4096.65
2024-06-15,Wind,MW,Andhra Pradesh,2024,6,4096.65
2024-07-15,Wind,MW,Andhra Pradesh,2024,7,4096.65
2024-08-15,Wind,MW,Andhra Pradesh,2024,8,4096.65
2024-09-15,Wind,MW,Andhra Pradesh,2024,9,4096.65
2024-10-15,Wind,MW,Andhra Pradesh,2024,10,4096.65
2024-11-15,Wind,MW,Andhra Pradesh,2024,11,4096.65
2024-12-15,Wind,MW,Andhra Pradesh,2024,12,4096.65
2025-01-15,Wind,MW,Andhra Pradesh,2025,1,4096.65
2025-02-15,Wind,MW,Andhra Pradesh,2025,2,4096.65
2025-03-15,Wind,MW,Andhra Pradesh,2025,3,4377.15
2025-04-15,Wind,MW,Andhra Pradesh,2025,4,4397.78
2025-05-15,Wind,MW,Andhra Pradesh,2025,5,4397.78
2025-06-15,Wind,MW,Andhra Pradesh,2025,6,4397.78
2025-07-15,Wind,MW,Andhra Pradesh,2025,7,4397.78
2025-08-15,Wind,MW,Andhra Pradesh,2025,8,4397.78
2024-01-15,Small-Hydro,MW,Andhra Pradesh,2024,1,163.31
2024-02-15,Small-Hydro,MW,Andhra Pradesh,2024,2,163.31
2024-03-15,Small-Hydro,MW,Andhra Pradesh,2024,3,163.31
2024-04-15,Small-Hydro,MW,Andhra Pradesh,2024,4,163.31
2024-05-15,Small-Hydro,MW,Andhra Pradesh,2024,5,163.31
2024-06-15,Small-Hydro,MW,Andhra Pradesh,2024,6,163.31
2024-07-15,Small-Hydro,MW,Andhra Pradesh,2024,7,163.31
2024-08-15,Small-Hydro,MW,Andhra Pradesh,2024,8,163.31
2024-09-15,Small-Hydro,MW,Andhra Pradesh,2024,9,163.31
2024-10-15,Small-Hydro,MW,Andhra Pradesh,2024,10,163.31
2024-11-15,Small-Hydro,MW,Andhra Pradesh,2024,11,163.31
2024-12-15,Small-Hydro,MW,Andhra Pradesh,2024,12,163.31
2025-01-15,Small-Hydro,MW,Andhra Pradesh,2025,1,163.31
2025-02-15,Small-Hydro,MW,Andhra Pradesh,2025,2,163.31
2025-03-15,Small-Hydro,MW,Andhra Pradesh,2025,3,163.31
2025-04-15,Small-Hydro,MW,Andhra Pradesh,2025,4,163.31
2025-05-15,Small-Hydro,MW,Andhra Pradesh,2025,5,163.31
2025-06-15,Small-Hydro,MW,Andhra Pradesh,2025,6,163.31
2025-07-15,Small-Hydro,MW,Andhra Pradesh,2025,7,163.31
2025-08-15,Small-Hydro,MW,Andhra Pradesh,2025,8,163.31
2024-01-15,Bio Power,MW,Andhra Pradesh,2024,1,566.39
2024-02-15,Bio Power,MW,Andhra Pradesh,2024,2,566.39
2024-03-15,Bio Power,MW,Andhra Pradesh,2024,3,574.39
2024-04-15,Bio Power,MW,Andhra Pradesh,2024,4,574.39
2024-05-15,Bio Power,MW,Andhra Pradesh,2024,5,574.39
2024-06-15,Bio Power,MW,Andhra Pradesh,2024,6,574.39
2024-07-15,Bio Power,MW,Andhra Pradesh,2024,7,574.39
2024-08-15,Bio Power,MW,Andhra Pradesh,2024,8,574.39
2024-09-15,Bio Power,MW,Andhra Pradesh,2024,9,574.39
2024-10-15,Bio Power,MW,Andhra Pradesh,2024,10,574.39
2024-11-15,Bio Power,MW,Andhra Pradesh,2024,11,574.39
2024-12-15,Bio Power,MW,Andhra Pradesh,2024,12,574.39
2025-01-15,Bio Power,MW,Andhra Pradesh,2025,1,574.39
2025-02-15,Bio Power,MW,Andhra Pradesh,2025,2,574.39
2025-03-15,Bio Power,MW,Andhra Pradesh,2025,3,594.02
2025-04-15,Bio Power,MW,Andhra Pradesh,2025,4,594.02
2025-05-15,Bio Power,MW,Andhra Pradesh,2025,5,594.02
2025-06-15,Bio Power,MW,Andhra Pradesh,2025,6,594.02
2025-07-15,Bio Power,MW,Andhra Pradesh,2025,7,594.02
2025-08-15,Bio Power,MW,Andhra Pradesh,2025,8,594.02
2024-01-15,Coal,MW,Telangana,2024,1,8642.5
2024-02-15,Coal,MW,Telangana,2024,2,9442.5
2024-03-15,Coal,MW,Telangana,2024,3,9442.5
2024-04-15,Coal,MW,Telangana,2024,4,9442.5
2024-05-15,Coal,MW,Telangana,2024,5,9442.5
2024-06-15,Coal,MW,Telangana,2024,6,9442.5
2024-07-15,Coal,MW,Telangana,2024,7,9442.5
2024-08-15,Coal,MW,Telangana,2024,8,9442.5
2024-09-15,Coal,MW,Telangana,2024,9,9442.5
2024-10-15,Coal,MW,Telangana,2024,10,9442.5
2024-11-15,Coal,MW,Telangana,2024,11,9442.5
2024-12-15,Coal,MW,Telangana,2024,12,9442.5
2025-01-15,Coal,MW,Telangana,2025,1,10242.5
2025-02-15,Coal,MW,Telangana,2025,2,10242.5
2025-03-15,Coal,MW,Telangana,2025,3,10242.5
2025-04-15,Coal,MW,Telangana,2025,4,10242.5
2025-05-15,Coal,MW,Telangana,2025,5,10242.5
2025-06-15,Coal,MW,Telangana,2025,6,10242.5
2025-07-15,Coal,MW,Telangana,2025,7,11042.5
2025-08-15,Coal,MW,Telangana,2025,8,11042.5
2024-01-15,Oil & Gas,MW,Telangana,2024,1,
2024-02-15,Oil & Gas,MW,Telangana,2024,2,
2024-03-15,Oil & Gas,MW,Telangana,2024,3,
2024-04-15,Oil & Gas,MW,Telangana,2024,4,
2024-05-15,Oil & Gas,MW,Telangana,2024,5,
2024-06-15,Oil & Gas,MW,Telangana,2024,6,
2024-07-15,Oil & Gas,MW,Telangana,2024,7,
2024-08-15,Oil & Gas,MW,Telangana,2024,8,
2024-09-15,Oil & Gas,MW,Telangana,2024,9,
2024-10-15,Oil & Gas,MW,Telangana,2024,10,
2024-11-15,Oil & Gas,MW,Telangana,2024,11,
2024-12-15,Oil & Gas,MW,Telangana,2024,12,
2025-01-15,Oil & Gas,MW,Telangana,2025,1,
2025-02-15,Oil & Gas,MW,Telangana,2025,2,
2025-03-15,Oil & Gas,MW,Telangana,2025,3,
2025-04-15,Oil & Gas,MW,Telangana,2025,4,
2025-05-15,Oil & Gas,MW,Telangana,2025,5,
2025-06-15,Oil & Gas,MW,Telangana,2025,6,
2025-07-15,Oil & Gas,MW,Telangana,2025,7,
2025-08-15,Oil & Gas,MW,Telangana,2025,8,
2024-01-15,Nuclear,MW,Telangana,2024,1,
2024-02-15,Nuclear,MW,Telangana,2024,2,
2024-03-15,Nuclear,MW,Telangana,2024,3,
2024-04-15,Nuclear,MW,Telangana,2024,4,
2024-05-15,Nuclear,MW,Telangana,2024,5,
2024-06-15,Nuclear,MW,Telangana,2024,6,
2024-07-15,Nuclear,MW,Telangana,2024,7,
2024-08-15,Nuclear,MW,Telangana,2024,8,
2024-09-15,Nuclear,MW,Telangana,2024,9,
2024-10-15,Nuclear,MW,Telangana,2024,10,
2024-11-15,Nuclear,MW,Telangana,2024,11,
2024-12-15,Nuclear,MW,Telangana,2024,12,
2025-01-15,Nuclear,MW,Telangana,2025,1,
2025-02-15,Nuclear,MW,Telangana,2025,2,
2025-03-15,Nuclear,MW,Telangana,2025,3,
2025-04-15,Nuclear,MW,Telangana,2025,4,
2025-05-15,Nuclear,MW,Telangana,2025,5,
2025-06-15,Nuclear,MW,Telangana,2025,6,
2025-07-15,Nuclear,MW,Telangana,2025,7,
2025-08-15,Nuclear,MW,Telangana,2025,8,
2024-01-15,Hydro,MW,Telangana,2024,1,2405.6
2024-02-15,Hydro,MW,Telangana,2024,2,2405.6
2024-03-15,Hydro,MW,Telangana,2024,3,2405.6
2024-04-15,Hydro,MW,Telangana,2024,4,2405.6
2024-05-15,Hydro,MW,Telangana,2024,5,2405.6
2024-06-15,Hydro,MW,Telangana,2024,6,2405.6
2024-07-15,Hydro,MW,Telangana,2024,7,2405.6
2024-08-15,Hydro,MW,Telangana,2024,8,2405.6
2024-09-15,Hydro,MW,Telangana,2024,9,2405.6
2024-10-15,Hydro,MW,Telangana,2024,10,2405.6
2024-11-15,Hydro,MW,Telangana,2024,11,2405.6
2024-12-15,Hydro,MW,Telangana,2024,12,2405.6
2025-01-15,Hydro,MW,Telangana,2025,1,2405.6
2025-02-15,Hydro,MW,Telangana,2025,2,2405.6
2025-03-15,Hydro,MW,Telangana,2025,3,2405.6
2025-04-15,Hydro,MW,Telangana,2025,4,2405.6
2025-05-15,Hydro,MW,Telangana,2025,5,2405.6
2025-06-15,Hydro,MW,Telangana,2025,6,2405.6
2025-07-15,Hydro,MW,Telangana,2025,7,2405.6
2025-08-15,Hydro,MW,Telangana,2025,8,2405.6
2024-01-15,Solar,MW,Telangana,2024,1,4712.98
2024-02-15,Solar,MW,Telangana,2024,2,4712.98
2024-03-15,Solar,MW,Telangana,2024,3,4758.16
2024-04-15,Solar,MW,Telangana,2024,4,4758.16
2024-05-15,Solar,MW,Telangana,2024,5,4770.01
2024-06-15,Solar,MW,Telangana,2024,6,4803.71
2024-07-15,Solar,MW,Telangana,2024,7,4816.74
2024-08-15,Solar,MW,Telangana,2024,8,4816.74
2024-09-15,Solar,MW,Telangana,2024,9,4816.74
2024-10-15,Solar,MW,Telangana,2024,10,4842.1
2024-11-15,Solar,MW,Telangana,2024,11,4842.1
2024-12-15,Solar,MW,Telangana,2024,12,4842.1
2025-01-15,Solar,MW,Telangana,2025,1,4842.1
2025-02-15,Solar,MW,Telangana,2025,2,4842.1
2025-03-15,Solar,MW,Telangana,2025,3,4842.1
2025-04-15,Solar,MW,Telangana,2025,4,4842.1
2025-05-15,Solar,MW,Telangana,2025,5,4842.1
2025-06-15,Solar,MW,Telangana,2025,6,4842.1
2025-07-15,Solar,MW,Telangana,2025,7,5002.7
2025-08-15,Solar,MW,Telangana,2025,8,5002.7
2024-01-15,Wind,MW,Telangana,2024,1,128.1
2024-02-15,Wind,MW,Telangana,2024,2,128.1
2024-03-15,Wind,MW,Telangana,2024,3,128.1
2024-04-15,Wind,MW,Telangana,2024,4,128.1
2024-05-15,Wind,MW,Telangana,2024,5,128.1
2024-06-15,Wind,MW,Telangana,2024,6,128.1
2024-07-15,Wind,MW,Telangana,2024,7,128.1
2024-08-15,Wind,MW,Telangana,2024,8,128.1
2024-09-15,Wind,MW,Telangana,2024,9,128.1
2024-10-15,Wind,MW,Telangana,2024,10,128.1
2024-11-15,Wind,MW,Telangana,2024,11,128.1
2024-12-15,Wind,MW,Telangana,2024,12,128.1
2025-01-15,Wind,MW,Telangana,2025,1,128.1
2025-02-15,Wind,MW,Telangana,2025,2,128.1
2025-03-15,Wind,MW,Telangana,2025,3,128.1
2025-04-15,Wind,MW,Telangana,2025,4,128.1
2025-05-15,Wind,MW,Telangana,2025,5,128.1
2025-06-15,Wind,MW,Telangana,2025,6,128.1
2025-07-15,Wind,MW,Telangana,2025,7,128.1
2025-08-15,Wind,MW,Telangana,2025,8,128.1
2024-01-15,Small-Hydro,MW,Telangana,2024,1,90.87
2024-02-15,Small-Hydro,MW,Telangana,2024,2,90.87
2024-03-15,Small-Hydro,MW,Telangana,2024,3,90.87
2024-04-15,Small-Hydro,MW,Telangana,2024,4,90.87
2024-05-15,Small-Hydro,MW,Telangana,2024,5,90.87
2024-06-15,Small-Hydro,MW,Telangana,2024,6,90.87
2024-07-15,Small-Hydro,MW,Telangana,2024,7,90.87
2024-08-15,Small-Hydro,MW,Telangana,2024,8,90.87
2024-09-15,Small-Hydro,MW,Telangana,2024,9,90.87
2024-10-15,Small-Hydro,MW,Telangana,2024,10,90.87
2024-11-15,Small-Hydro,MW,Telangana,2024,11,90.87
2024-12-15,Small-Hydro,MW,Telangana,2024,12,90.87
2025-01-15,Small-Hydro,MW,Telangana,2025,1,90.87
2025-02-15,Small-Hydro,MW,Telangana,2025,2,90.87
2025-03-15,Small-Hydro,MW,Telangana,2025,3,90.87
2025-04-15,Small-Hydro,MW,Telangana,2025,4,90.87
2025-05-15,Small-Hydro,MW,Telangana,2025,5,90.87
2025-06-15,Small-Hydro,MW,Telangana,2025,6,90.87
2025-07-15,Small-Hydro,MW,Telangana,2025,7,90.87
2025-08-15,Small-Hydro,MW,Telangana,2025,8,90.87
2024-01-15,Bio Power,MW,Telangana,2024,1,220.37
2024-02-15,Bio Power,MW,Telangana,2024,2,220.37
2024-03-15,Bio Power,MW,Telangana,2024,3,221.67
2024-04-15,Bio Power,MW,Telangana,2024,4,221.67
2024-05-15,Bio Power,MW,Telangana,2024,5,221.67
2024-06-15,Bio Power,MW,Telangana,2024,6,221.67
2024-07-15,Bio Power,MW,Telangana,2024,7,221.67
2024-08-15,Bio Power,MW,Telangana,2024,8,221.67
2024-09-15,Bio Power,MW,Telangana,2024,9,221.67
2024-10-15,Bio Power,MW,Telangana,2024,10,221.67
2024-11-15,Bio Power,MW,Telangana,2024,11,221.67
2024-12-15,Bio Power,MW,Telangana,2024,12,221.67
2025-01-15,Bio Power,MW,Telangana,2025,1,221.67
2025-02-15,Bio Power,MW,Telangana,2025,2,221.67
2025-03-15,Bio Power,MW,Telangana,2025,3,221.67
2025-04-15,Bio Power,MW,Telangana,2025,4,221.67
2025-05-15,Bio Power,MW,Telangana,2025,5,221.67
2025-06-15,Bio Power,MW,Telangana,2025,6,221.67
2025-07-15,Bio Power,MW,Telangana,2025,7,221.67
2025-08-15,Bio Power,MW,Telangana,2025,8,221.67
2024-01-15,Coal,MW,Karnataka,2024,1,9480
2024-02-15,Coal,MW,Karnataka,2024,2,9480
2024-03-15,Coal,MW,Karnataka,2024,3,9480
2024-04-15,Coal,MW,Karnataka,2024,4,9480
2024-05-15,Coal,MW,Karnataka,2024,5,9480
2024-06-15,Coal,MW,Karnataka,2024,6,9480
2024-07-15,Coal,MW,Karnataka,2024,7,9480
2024-08-15,Coal,MW,Karnataka,2024,8,9480
2024-09-15,Coal,MW,Karnataka,2024,9,9480
2024-10-15,Coal,MW,Karnataka,2024,10,9480
2024-11-15,Coal,MW,Karnataka,2024,11,9480
2024-12-15,Coal,MW,Karnataka,2024,12,9480
2025-01-15,Coal,MW,Karnataka,2025,1,9480
2025-02-15,Coal,MW,Karnataka,2025,2,9480
2025-03-15,Coal,MW,Karnataka,2025,3,9480
2025-04-15,Coal,MW,Karnataka,2025,4,9480
2025-05-15,Coal,MW,Karnataka,2025,5,9480
2025-06-15,Coal,MW,Karnataka,2025,6,9480
2025-07-15,Coal,MW,Karnataka,2025,7,9480
2025-08-15,Coal,MW,Karnataka,2025,8,9480
2024-01-15,Oil & Gas,MW,Karnataka,2024,1,
2024-02-15,Oil & Gas,MW,Karnataka,2024,2,
2024-03-15,Oil & Gas,MW,Karnataka,2024,3,
2024-04-15,Oil & Gas,MW,Karnataka,2024,4,
2024-05-15,Oil & Gas,MW,Karnataka,2024,5,
2024-06-15,Oil & Gas,MW,Karnataka,2024,6,
2024-07-15,Oil & Gas,MW,Karnataka,2024,7,
2024-08-15,Oil & Gas,MW,Karnataka,2024,8,
2024-09-15,Oil & Gas,MW,Karnataka,2024,9,
2024-10-15,Oil & Gas,MW,Karnataka,2024,10,
2024-11-15,Oil & Gas,MW,Karnataka,2024,11,
2024-12-15,Oil & Gas,MW,Karnataka,2024,12,
2025-01-15,Oil & Gas,MW,Karnataka,2025,1,370.05
2025-02-15,Oil & Gas,MW,Karnataka,2025,2,370.05
2025-03-15,Oil & Gas,MW,Karnataka,2025,3,370.05
2025-04-15,Oil & Gas,MW,Karnataka,2025,4,370.05
2025-05-15,Oil & Gas,MW,Karnataka,2025,5,370.05
2025-06-15,Oil & Gas,MW,Karnataka,2025,6,370.05
2025-07-15,Oil & Gas,MW,Karnataka,2025,7,370.05
2025-08-15,Oil & Gas,MW,Karnataka,2025,8,370.05
2024-01-15,Nuclear,MW,Karnataka,2024,1,880
2024-02-15,Nuclear,MW,Karnataka,2024,2,880
2024-03-15,Nuclear,MW,Karnataka,2024,3,880
2024-04-15,Nuclear,MW,Karnataka,2024,4,880
2024-05-15,Nuclear,MW,Karnataka,2024,5,880
2024-06-15,Nuclear,MW,Karnataka,2024,6,880
2024-07-15,Nuclear,MW,Karnataka,2024,7,880
2024-08-15,Nuclear,MW,Karnataka,2024,8,880
2024-09-15,Nuclear,MW,Karnataka,2024,9,880
2024-10-15,Nuclear,MW,Karnataka,2024,10,880
2024-11-15,Nuclear,MW,Karnataka,2024,11,880
2024-12-15,Nuclear,MW,Karnataka,2024,12,880
2025-01-15,Nuclear,MW,Karnataka,2025,1,880
2025-02-15,Nuclear,MW,Karnataka,2025,2,880
2025-03-15,Nuclear,MW,Karnataka,2025,3,880
2025-04-15,Nuclear,MW,Karnataka,2025,4,880
2025-05-15,Nuclear,MW,Karnataka,2025,5,880
2025-06-15,Nuclear,MW,Karnataka,2025,6,880
2025-07-15,Nuclear,MW,Karnataka,2025,7,880
2025-08-15,Nuclear,MW,Karnataka,2025,8,880
2024-01-15,Hydro,MW,Karnataka,2024,1,3689.2
2024-02-15,Hydro,MW,Karnataka,2024,2,3689.2
2024-03-15,Hydro,MW,Karnataka,2024,3,3689.2
2024-04-15,Hydro,MW,Karnataka,2024,4,3689.2
2024-05-15,Hydro,MW,Karnataka,2024,5,3689.2
2024-06-15,Hydro,MW,Karnataka,2024,6,3689.2
2024-07-15,Hydro,MW,Karnataka,2024,7,3689.2
2024-08-15,Hydro,MW,Karnataka,2024,8,3689.2
2024-09-15,Hydro,MW,Karnataka,2024,9,3689.2
2024-10-15,Hydro,MW,Karnataka,2024,10,3689.2
2024-11-15,Hydro,MW,Karnataka,2024,11,3689.2
2024-12-15,Hydro,MW,Karnataka,2024,12,3689.2
2025-01-15,Hydro,MW,Karnataka,2025,1,3689.2
2025-02-15,Hydro,MW,Karnataka,2025,2,3689.2
2025-03-15,Hydro,MW,Karnataka,2025,3,3689.2
2025-04-15,Hydro,MW,Karnataka,2025,4,3689.2
2025-05-15,Hydro,MW,Karnataka,2025,5,3689.2
2025-06-15,Hydro,MW,Karnataka,2025,6,3689.2
2025-07-15,Hydro,MW,Karnataka,2025,7,3689.2
2025-08-15,Hydro,MW,Karnataka,2025,8,3689.2
2024-01-15,Solar,MW,Karnataka,2024,1,9463.74
2024-02-15,Solar,MW,Karnataka,2024,2,9498.74
2024-03-15,Solar,MW,Karnataka,2024,3,8544.68
2024-04-15,Solar,MW,Karnataka,2024,4,8718.02
2024-05-15,Solar,MW,Karnataka,2024,5,8798.25
2024-06-15,Solar,MW,Karnataka,2024,6,8819.77
2024-07-15,Solar,MW,Karnataka,2024,7,8820.04
2024-08-15,Solar,MW,Karnataka,2024,8,8829.33
2024-09-15,Solar,MW,Karnataka,2024,9,8930.1
2024-10-15,Solar,MW,Karnataka,2024,10,8930.1
2024-11-15,Solar,MW,Karnataka,2024,11,8975.65
2024-12-15,Solar,MW,Karnataka,2024,12,8986.94
2025-01-15,Solar,MW,Karnataka,2025,1,9282.19
2025-02-15,Solar,MW,Karnataka,2025,2,9312.71
2025-03-15,Solar,MW,Karnataka,2025,3,9679.66
2025-04-15,Solar,MW,Karnataka,2025,4,9690.13
2025-05-15,Solar,MW,Karnataka,2025,5,9876.57
2025-06-15,Solar,MW,Karnataka,2025,6,9925.44
2025-07-15,Solar,MW,Karnataka,2025,7,10060.84
2025-08-15,Solar,MW,Karnataka,2025,8,10083.34
2024-01-15,Wind,MW,Karnataka,2024,1,5817.07
2024-02-15,Wind,MW,Karnataka,2024,2,5918.26
2024-03-15,Wind,MW,Karnataka,2024,3,6019.61
2024-04-15,Wind,MW,Karnataka,2024,4,6224.99
2024-05-15,Wind,MW,Karnataka,2024,5,6311.61
2024-06-15,Wind,MW,Karnataka,2024,6,6469.61
2024-07-15,Wind,MW,Karnataka,2024,7,6516.47
2024-08-15,Wind,MW,Karnataka,2024,8,6553.97
2024-09-15,Wind,MW,Karnataka,2024,9,6564.36
2024-10-15,Wind,MW,Karnataka,2024,10,6724.36
2024-11-15,Wind,MW,Karnataka,2024,11,6724.37
2024-12-15,Wind,MW,Karnataka,2024,12,6731.3
2025-01-15,Wind,MW,Karnataka,2025,1,6851.9
2025-02-15,Wind,MW,Karnataka,2025,2,6878.3
2025-03-15,Wind,MW,Karnataka,2025,3,7351.1
2025-04-15,Wind,MW,Karnataka,2025,4,7507.99
2025-05-15,Wind,MW,Karnataka,2025,5,7605.84
2025-06-15,Wind,MW,Karnataka,2025,6,7714.74
2025-07-15,Wind,MW,Karnataka,2025,7,7760.44
2025-08-15,Wind,MW,Karnataka,2025,8,7842.69
2024-01-15,Small-Hydro,MW,Karnataka,2024,1,1280.73
2024-02-15,Small-Hydro,MW,Karnataka,2024,2,1280.73
2024-03-15,Small-Hydro,MW,Karnataka,2024,3,1280.73
2024-04-15,Small-Hydro,MW,Karnataka,2024,4,1280.73
2024-05-15,Small-Hydro,MW,Karnataka,2024,5,1280.73
2024-06-15,Small-Hydro,MW,Karnataka,2024,6,1280.73
2024-07-15,Small-Hydro,MW,Karnataka,2024,7,1284.73
2024-08-15,Small-Hydro,MW,Karnataka,2024,8,1284.73
2024-09-15,Small-Hydro,MW,Karnataka,2024,9,1284.73
2024-10-15,Small-Hydro,MW,Karnataka,2024,10,1284.73
2024-11-15,Small-Hydro,MW,Karnataka,2024,11,1284.73
2024-12-15,Small-Hydro,MW,Karnataka,2024,12,1284.73
2025-01-15,Small-Hydro,MW,Karnataka,2025,1,1284.73
2025-02-15,Small-Hydro,MW,Karnataka,2025,2,1284.73
2025-03-15,Small-Hydro,MW,Karnataka,2025,3,1284.73
2025-04-15,Small-Hydro,MW,Karnataka,2025,4,1284.73
2025-05-15,Small-Hydro,MW,Karnataka,2025,5,1284.73
2025-06-15,Small-Hydro,MW,Karnataka,2025,6,1284.73
2025-07-15,Small-Hydro,MW,Karnataka,2025,7,1284.73
2025-08-15,Small-Hydro,MW,Karnataka,2025,8,1284.73
2024-01-15,Bio Power,MW,Karnataka,2024,1,1907.72
2024-02-15,Bio Power,MW,Karnataka,2024,2,1907.72
2024-03-15,Bio Power,MW,Karnataka,2024,3,1907.72
2024-04-15,Bio Power,MW,Karnataka,2024,4,1907.72
2024-05-15,Bio Power,MW,Karnataka,2024,5,1907.72
2024-06-15,Bio Power,MW,Karnataka,2024,6,1907.72
2024-07-15,Bio Power,MW,Karnataka,2024,7,1907.72
2024-08-15,Bio Power,MW,Karnataka,2024,8,1907.72
2024-09-15,Bio Power,MW,Karnataka,2024,9,1909.95
2024-10-15,Bio Power,MW,Karnataka,2024,10,1909.95
2024-11-15,Bio Power,MW,Karnataka,2024,11,1909.95
2024-12-15,Bio Power,MW,Karnataka,2024,12,1909.95
2025-01-15,Bio Power,MW,Karnataka,2025,1,1909.95
2025-02-15,Bio Power,MW,Karnataka,2025,2,1909.95
2025-03-15,Bio Power,MW,Karnataka,2025,3,1912.95
2025-04-15,Bio Power,MW,Karnataka,2025,4,1916.05
2025-05-15,Bio Power,MW,Karnataka,2025,5,1916.05
2025-06-15,Bio Power,MW,Karnataka,2025,6,1916.05
2025-07-15,Bio Power,MW,Karnataka,2025,7,1916.05
2025-08-15,Bio Power,MW,Karnataka,2025,8,1916.05
2024-01-15,Coal,MW,Puducherry,2024,1,
2024-02-15,Coal,MW,Puducherry,2024,2,
2024-03-15,Coal,MW,Puducherry,2024,3,
2024-04-15,Coal,MW,Puducherry,2024,4,
2024-05-15,Coal,MW,Puducherry,2024,5,
2024-06-15,Coal,MW,Puducherry,2024,6,
2024-07-15,Coal,MW,Puducherry,2024,7,
2024-08-15,Coal,MW,Puducherry,2024,8,
2024-09-15,Coal,MW,Puducherry,2024,9,
2024-10-15,Coal,MW,Puducherry,2024,10,
2024-11-15,Coal,MW,Puducherry,2024,11,
2024-12-15,Coal,MW,Puducherry,2024,12,
2025-01-15,Coal,MW,Puducherry,2025,1,
2025-02-15,Coal,MW,Puducherry,2025,2,
2025-03-15,Coal,MW,Puducherry,2025,3,
2025-04-15,Coal,MW,Puducherry,2025,4,
2025-05-15,Coal,MW,Puducherry,2025,5,
2025-06-15,Coal,MW,Puducherry,2025,6,
2025-07-15,Coal,MW,Puducherry,2025,7,
2025-08-15,Coal,MW,Puducherry,2025,8,
2024-01-15,Oil & Gas,MW,Puducherry,2024,1,32.5
2024-02-15,Oil & Gas,MW,Puducherry,2024,2,32.5
2024-03-15,Oil & Gas,MW,Puducherry,2024,3,32.5
2024-04-15,Oil & Gas,MW,Puducherry,2024,4,32.5
2024-05-15,Oil & Gas,MW,Puducherry,2024,5,32.5
2024-06-15,Oil & Gas,MW,Puducherry,2024,6,32.5
2024-07-15,Oil & Gas,MW,Puducherry,2024,7,32.5
2024-08-15,Oil & Gas,MW,Puducherry,2024,8,32.5
2024-09-15,Oil & Gas,MW,Puducherry,2024,9,32.5
2024-10-15,Oil & Gas,MW,Puducherry,2024,10,32.5
2024-11-15,Oil & Gas,MW,Puducherry,2024,11,32.5
2024-12-15,Oil & Gas,MW,Puducherry,2024,12,32.5
2025-01-15,Oil & Gas,MW,Puducherry,2025,1,32.5
2025-02-15,Oil & Gas,MW,Puducherry,2025,2,32.5
2025-03-15,Oil & Gas,MW,Puducherry,2025,3,32.5
2025-04-15,Oil & Gas,MW,Puducherry,2025,4,32.5
2025-05-15,Oil & Gas,MW,Puducherry,2025,5,32.5
2025-06-15,Oil & Gas,MW,Puducherry,2025,6,32.5
2025-07-15,Oil & Gas,MW,Puducherry,2025,7,32.5
2025-08-15,Oil & Gas,MW,Puducherry,2025,8,32.5
2024-01-15,Nuclear,MW,Puducherry,2024,1,
2024-02-15,Nuclear,MW,Puducherry,2024,2,
2024-03-15,Nuclear,MW,Puducherry,2024,3,
2024-04-15,Nuclear,MW,Puducherry,2024,4,
2024-05-15,Nuclear,MW,Puducherry,2024,5,
2024-06-15,Nuclear,MW,Puducherry,2024,6,
2024-07-15,Nuclear,MW,Puducherry,2024,7,
2024-08-15,Nuclear,MW,Puducherry,2024,8,
2024-09-15,Nuclear,MW,Puducherry,2024,9,
2024-10-15,Nuclear,MW,Puducherry,2024,10,
2024-11-15,Nuclear,MW,Puducherry,2024,11,
2024-12-15,Nuclear,MW,Puducherry,2024,12,
2025-01-15,Nuclear,MW,Puducherry,2025,1,
2025-02-15,Nuclear,MW,Puducherry,2025,2,
2025-03-15,Nuclear,MW,Puducherry,2025,3,
2025-04-15,Nuclear,MW,Puducherry,2025,4,
2025-05-15,Nuclear,MW,Puducherry,2025,5,
2025-06-15,Nuclear,MW,Puducherry,2025,6,
2025-07-15,Nuclear,MW,Puducherry,2025,7,
2025-08-15,Nuclear,MW,Puducherry,2025,8,
2024-01-15,Hydro,MW,Puducherry,2024,1,
2024-02-15,Hydro,MW,Puducherry,2024,2,
2024-03-15,Hydro,MW,Puducherry,2024,3,
2024-04-15,Hydro,MW,Puducherry,2024,4,
2024-05-15,Hydro,MW,Puducherry,2024,5,
2024-06-15,Hydro,MW,Puducherry,2024,6,
2024-07-15,Hydro,MW,Puducherry,2024,7,
2024-08-15,Hydro,MW,Puducherry,2024,8,
2024-09-15,Hydro,MW,Puducherry,2024,9,
2024-10-15,Hydro,MW,Puducherry,2024,10,
2024-11-15,Hydro,MW,Puducherry,2024,11,
2024-12-15,Hydro,MW,Puducherry,2024,12,
2025-01-15,Hydro,MW,Puducherry,2025,1,
2025-02-15,Hydro,MW,Puducherry,2025,2,
2025-03-15,Hydro,MW,Puducherry,2025,3,
2025-04-15,Hydro,MW,Puducherry,2025,4,
2025-05-15,Hydro,MW,Puducherry,2025,5,
2025-06-15,Hydro,MW,Puducherry,2025,6,
2025-07-15,Hydro,MW,Puducherry,2025,7,
2025-08-15,Hydro,MW,Puducherry,2025,8,
2024-01-15,Solar,MW,Puducherry,2024,1,43.34
2024-02-15,Solar,MW,Puducherry,2024,2,43.34
2024-03-15,Solar,MW,Puducherry,2024,3,49.91
2024-04-15,Solar,MW,Puducherry,2024,4,50.04
2024-05-15,Solar,MW,Puducherry,2024,5,50.63
2024-06-15,Solar,MW,Puducherry,2024,6,51.42
2024-07-15,Solar,MW,Puducherry,2024,7,51.56
2024-08-15,Solar,MW,Puducherry,2024,8,51.74
2024-09-15,Solar,MW,Puducherry,2024,9,52.27
2024-10-15,Solar,MW,Puducherry,2024,10,52.27
2024-11-15,Solar,MW,Puducherry,2024,11,52.64
2024-12-15,Solar,MW,Puducherry,2024,12,53.26
2025-01-15,Solar,MW,Puducherry,2025,1,53.81
2025-02-15,Solar,MW,Puducherry,2025,2,54.11
2025-03-15,Solar,MW,Puducherry,2025,3,54.51
2025-04-15,Solar,MW,Puducherry,2025,4,67.51
2025-05-15,Solar,MW,Puducherry,2025,5,67.51
2025-06-15,Solar,MW,Puducherry,2025,6,69.01
2025-07-15,Solar,MW,Puducherry,2025,7,69.01
2025-08-15,Solar,MW,Puducherry,2025,8,71.21
2024-01-15,Wind,MW,Puducherry,2024,1,
2024-02-15,Wind,MW,Puducherry,2024,2,
2024-03-15,Wind,MW,Puducherry,2024,3,
2024-04-15,Wind,MW,Puducherry,2024,4,
2024-05-15,Wind,MW,Puducherry,2024,5,
2024-06-15,Wind,MW,Puducherry,2024,6,
2024-07-15,Wind,MW,Puducherry,2024,7,
2024-08-15,Wind,MW,Puducherry,2024,8,
2024-09-15,Wind,MW,Puducherry,2024,9,
2024-10-15,Wind,MW,Puducherry,2024,10,
2024-11-15,Wind,MW,Puducherry,2024,11,
2024-12-15,Wind,MW,Puducherry,2024,12,
2025-01-15,Wind,MW,Puducherry,2025,1,
2025-02-15,Wind,MW,Puducherry,2025,2,
2025-03-15,Wind,MW,Puducherry,2025,3,
2025-04-15,Wind,MW,Puducherry,2025,4,
2025-05-15,Wind,MW,Puducherry,2025,5,
2025-06-15,Wind,MW,Puducherry,2025,6,
2025-07-15,Wind,MW,Puducherry,2025,7,
2025-08-15,Wind,MW,Puducherry,2025,8,
2024-01-15,Small-Hydro,MW,Puducherry,2024,1,
2024-02-15,Small-Hydro,MW,Puducherry,2024,2,
2024-03-15,Small-Hydro,MW,Puducherry,2024,3,
2024-04-15,Small-Hydro,MW,Puducherry,2024,4,
2024-05-15,Small-Hydro,MW,Puducherry,2024,5,
2024-06-15,Small-Hydro,MW,Puducherry,2024,6,
2024-07-15,Small-Hydro,MW,Puducherry,2024,7,
2024-08-15,Small-Hydro,MW,Puducherry,2024,8,
2024-09-15,Small-Hydro,MW,Puducherry,2024,9,
2024-10-15,Small-Hydro,MW,Puducherry,2024,10,
2024-11-15,Small-Hydro,MW,Puducherry,2024,11,
2024-12-15,Small-Hydro,MW,Puducherry,2024,12,
2025-01-15,Small-Hydro,MW,Puducherry,2025,1,
2025-02-15,Small-Hydro,MW,Puducherry,2025,2,
2025-03-15,Small-Hydro,MW,Puducherry,2025,3,
2025-04-15,Small-Hydro,MW,Puducherry,2025,4,
2025-05-15,Small-Hydro,MW,Puducherry,2025,5,
2025-06-15,Small-Hydro,MW,Puducherry,2025,6,
2025-07-15,Small-Hydro,MW,Puducherry,2025,7,
2025-08-15,Small-Hydro,MW,Puducherry,2025,8,
2024-01-15,Bio Power,MW,Puducherry,2024,1,
2024-02-15,Bio Power,MW,Puducherry,2024,2,
2024-03-15,Bio Power,MW,Puducherry,2024,3,
2024-04-15,Bio Power,MW,Puducherry,2024,4,
2024-05-15,Bio Power,MW,Puducherry,2024,5,
2024-06-15,Bio Power,MW,Puducherry,2024,6,
2024-07-15,Bio Power,MW,Puducherry,2024,7,
2024-08-15,Bio Power,MW,Puducherry,2024,8,
2024-09-15,Bio Power,MW,Puducherry,2024,9,
2024-10-15,Bio Power,MW,Puducherry,2024,10,
2024-11-15,Bio Power,MW,Puducherry,2024,11,
2024-12-15,Bio Power,MW,Puducherry,2024,12,
2025-01-15,Bio Power,MW,Puducherry,2025,1,
2025-02-15,Bio Power,MW,Puducherry,2025,2,
2025-03-15,Bio Power,MW,Puducherry,2025,3,
2025-04-15,Bio Power,MW,Puducherry,2025,4,
2025-05-15,Bio Power,MW,Puducherry,2025,5,
2025-06-15,Bio Power,MW,Puducherry,2025,6,
2025-07-15,Bio Power,MW,Puducherry,2025,7,
2025-08-15,Bio Power,MW,Puducherry,2025,8,
2024-01-15,Coal,MW,Goa,2024,1,
2024-02-15,Coal,MW,Goa,2024,2,
2024-03-15,Coal,MW,Goa,2024,3,
2024-04-15,Coal,MW,Goa,2024,4,
2024-05-15,Coal,MW,Goa,2024,5,
2024-06-15,Coal,MW,Goa,2024,6,
2024-07-15,Coal,MW,Goa,2024,7,
2024-08-15,Coal,MW,Goa,2024,8,
2024-09-15,Coal,MW,Goa,2024,9,
2024-10-15,Coal,MW,Goa,2024,10,
2024-11-15,Coal,MW,Goa,2024,11,
2024-12-15,Coal,MW,Goa,2024,12,
2025-01-15,Coal,MW,Goa,2025,1,
2025-02-15,Coal,MW,Goa,2025,2,
2025-03-15,Coal,MW,Goa,2025,3,
2025-04-15,Coal,MW,Goa,2025,4,
2025-05-15,Coal,MW,Goa,2025,5,
2025-06-15,Coal,MW,Goa,2025,6,
2025-07-15,Coal,MW,Goa,2025,7,
2025-08-15,Coal,MW,Goa,2025,8,
2024-01-15,Oil & Gas,MW,Goa,2024,1,48
2024-02-15,Oil & Gas,MW,Goa,2024,2,48
2024-03-15,Oil & Gas,MW,Goa,2024,3,48
2024-04-15,Oil & Gas,MW,Goa,2024,4,48
2024-05-15,Oil & Gas,MW,Goa,2024,5,48
2024-06-15,Oil & Gas,MW,Goa,2024,6,48
2024-07-15,Oil & Gas,MW,Goa,2024,7,48
2024-08-15,Oil & Gas,MW,Goa,2024,8,48
2024-09-15,Oil & Gas,MW,Goa,2024,9,48
2024-10-15,Oil & Gas,MW,Goa,2024,10,48
2024-11-15,Oil & Gas,MW,Goa,2024,11,48
2024-12-15,Oil & Gas,MW,Goa,2024,12,48
2025-01-15,Oil & Gas,MW,Goa,2025,1,48
2025-02-15,Oil & Gas,MW,Goa,2025,2,48
2025-03-15,Oil & Gas,MW,Goa,2025,3,48
2025-04-15,Oil & Gas,MW,Goa,2025,4,
2025-05-15,Oil & Gas,MW,Goa,2025,5,
2025-06-15,Oil & Gas,MW,Goa,2025,6,
2025-07-15,Oil & Gas,MW,Goa,2025,7,
2025-08-15,Oil & Gas,MW,Goa,2025,8,
2024-01-15,Hydro,MW,Goa,2024,1,
2024-02-15,Hydro,MW,Goa,2024,2,
2024-03-15,Hydro,MW,Goa,2024,3,
2024-04-15,Hydro,MW,Goa,2024,4,
2024-05-15,Hydro,MW,Goa,2024,5,
2024-06-15,Hydro,MW,Goa,2024,6,
2024-07-15,Hydro,MW,Goa,2024,7,
2024-08-15,Hydro,MW,Goa,2024,8,
2024-09-15,Hydro,MW,Goa,2024,9,
2024-10-15,Hydro,MW,Goa,2024,10,
2024-11-15,Hydro,MW,Goa,2024,11,
2024-12-15,Hydro,MW,Goa,2024,12,
2025-01-15,Hydro,MW,Goa,2025,1,
2025-02-15,Hydro,MW,Goa,2025,2,
2025-03-15,Hydro,MW,Goa,2025,3,
2025-04-15,Hydro,MW,Goa,2025,4,
2025-05-15,Hydro,MW,Goa,2025,5,
2025-06-15,Hydro,MW,Goa,2025,6,
2025-07-15,Hydro,MW,Goa,2025,7,
2025-08-15,Hydro,MW,Goa,2025,8,
2024-01-15,Solar,MW,Goa,2024,1,35.76
2024-02-15,Solar,MW,Goa,2024,2,35.76
2024-03-15,Solar,MW,Goa,2024,3,43.48
2024-04-15,Solar,MW,Goa,2024,4,43.48
2024-05-15,Solar,MW,Goa,2024,5,44.46
2024-06-15,Solar,MW,Goa,2024,6,45.45
2024-07-15,Solar,MW,Goa,2024,7,47.08
2024-08-15,Solar,MW,Goa,2024,8,47.08
2024-09-15,Solar,MW,Goa,2024,9,47.86
2024-10-15,Solar,MW,Goa,2024,10,47.86
2024-11-15,Solar,MW,Goa,2024,11,50.24
2024-12-15,Solar,MW,Goa,2024,12,52.56
2025-01-15,Solar,MW,Goa,2025,1,54.34
2025-02-15,Solar,MW,Goa,2025,2,55.44
2025-03-15,Solar,MW,Goa,2025,3,56.44
2025-04-15,Solar,MW,Goa,2025,4,57.64
2025-05-15,Solar,MW,Goa,2025,5,58.34
2025-06-15,Solar,MW,Goa,2025,6,60.04
2025-07-15,Solar,MW,Goa,2025,7,61.14
2025-08-15,Solar,MW,Goa,2025,8,61.84
2024-01-15,Small-Hydro,MW,Goa,2024,1,0.05
2024-02-15,Small-Hydro,MW,Goa,2024,2,0.05
2024-03-15,Small-Hydro,MW,Goa,2024,3,0.05
2024-04-15,Small-Hydro,MW,Goa,2024,4,0.05
2024-05-15,Small-Hydro,MW,Goa,2024,5,0.05
2024-06-15,Small-Hydro,MW,Goa,2024,6,0.05
2024-07-15,Small-Hydro,MW,Goa,2024,7,0.05
2024-08-15,Small-Hydro,MW,Goa,2024,8,0.05
2024-09-15,Small-Hydro,MW,Goa,2024,9,0.05
2024-10-15,Small-Hydro,MW,Goa,2024,10,0.05
2024-11-15,Small-Hydro,MW,Goa,2024,11,0.05
2024-12-15,Small-Hydro,MW,Goa,2024,12,0.05
2025-01-15,Small-Hydro,MW,Goa,2025,1,0.05
2025-02-15,Small-Hydro,MW,Goa,2025,2,0.05
2025-03-15,Small-Hydro,MW,Goa,2025,3,0.05
2025-04-15,Small-Hydro,MW,Goa,2025,4,0.05
2025-05-15,Small-Hydro,MW,Goa,2025,5,0.05
2025-06-15,Small-Hydro,MW,Goa,2025,6,0.05
2025-07-15,Small-Hydro,MW,Goa,2025,7,0.05
2025-08-15,Small-Hydro,MW,Goa,2025,8,0.05
2024-01-15,Bio Power,MW,Goa,2024,1,1.94
2024-02-15,Bio Power,MW,Goa,2024,2,1.94
2024-03-15,Bio Power,MW,Goa,2024,3,1.94
2024-04-15,Bio Power,MW,Goa,2024,4,1.94
2024-05-15,Bio Power,MW,Goa,2024,5,1.94
2024-06-15,Bio Power,MW,Goa,2024,6,1.94
2024-07-15,Bio Power,MW,Goa,2024,7,1.94
2024-08-15,Bio Power,MW,Goa,2024,8,1.94
2024-09-15,Bio Power,MW,Goa,2024,9,1.94
2024-10-15,Bio Power,MW,Goa,2024,10,1.94
2024-11-15,Bio Power,MW,Goa,2024,11,1.94
2024-12-15,Bio Power,MW,Goa,2024,12,1.94
2025-01-15,Bio Power,MW,Goa,2025,1,1.94
2025-02-15,Bio Power,MW,Goa,2025,2,1.94
2025-03-15,Bio Power,MW,Goa,2025,3,1.94
2025-04-15,Bio Power,MW,Goa,2025,4,1.94
2025-05-15,Bio Power,MW,Goa,2025,5,1.94
2025-06-15,Bio Power,MW,Goa,2025,6,1.94
2025-07-15,Bio Power,MW,Goa,2025,7,1.94
2025-08-15,Bio Power,MW,Goa,2025,8,1.94
2024-01-15,Coal,MW,Chhattisgarh,2024,1,23628
2024-02-15,Coal,MW,Chhattisgarh,2024,2,23628
2024-03-15,Coal,MW,Chhattisgarh,2024,3,23628
2024-04-15,Coal,MW,Chhattisgarh,2024,4,23628
2024-05-15,Coal,MW,Chhattisgarh,2024,5,23628
2024-06-15,Coal,MW,Chhattisgarh,2024,6,23628
2024-07-15,Coal,MW,Chhattisgarh,2024,7,23628
2024-08-15,Coal,MW,Chhattisgarh,2024,8,23628
2024-09-15,Coal,MW,Chhattisgarh,2024,9,23628
2024-10-15,Coal,MW,Chhattisgarh,2024,10,23628
2024-11-15,Coal,MW,Chhattisgarh,2024,11,23628
2024-12-15,Coal,MW,Chhattisgarh,2024,12,23628
2025-01-15,Coal,MW,Chhattisgarh,2025,1,23628
2025-02-15,Coal,MW,Chhattisgarh,2025,2,23628
2025-03-15,Coal,MW,Chhattisgarh,2025,3,23628
2025-04-15,Coal,MW,Chhattisgarh,2025,4,23493
2025-05-15,Coal,MW,Chhattisgarh,2025,5,23493
2025-06-15,Coal,MW,Chhattisgarh,2025,6,23493
2025-07-15,Coal,MW,Chhattisgarh,2025,7,24093
2025-08-15,Coal,MW,Chhattisgarh,2025,8,24093
2024-01-15,Oil & Gas,MW,Chhattisgarh,2024,1,
2024-02-15,Oil & Gas,MW,Chhattisgarh,2024,2,
2024-03-15,Oil & Gas,MW,Chhattisgarh,2024,3,
2024-04-15,Oil & Gas,MW,Chhattisgarh,2024,4,
2024-05-15,Oil & Gas,MW,Chhattisgarh,2024,5,
2024-06-15,Oil & Gas,MW,Chhattisgarh,2024,6,
2024-07-15,Oil & Gas,MW,Chhattisgarh,2024,7,
2024-08-15,Oil & Gas,MW,Chhattisgarh,2024,8,
2024-09-15,Oil & Gas,MW,Chhattisgarh,2024,9,
2024-10-15,Oil & Gas,MW,Chhattisgarh,2024,10,
2024-11-15,Oil & Gas,MW,Chhattisgarh,2024,11,
2024-12-15,Oil & Gas,MW,Chhattisgarh,2024,12,
2025-01-15,Oil & Gas,MW,Chhattisgarh,2025,1,
2025-02-15,Oil & Gas,MW,Chhattisgarh,2025,2,
2025-03-15,Oil & Gas,MW,Chhattisgarh,2025,3,
2025-04-15,Oil & Gas,MW,Chhattisgarh,2025,4,
2025-05-15,Oil & Gas,MW,Chhattisgarh,2025,5,
2025-06-15,Oil & Gas,MW,Chhattisgarh,2025,6,
2025-07-15,Oil & Gas,MW,Chhattisgarh,2025,7,
2025-08-15,Oil & Gas,MW,Chhattisgarh,2025,8,
2024-01-15,Hydro,MW,Chhattisgarh,2024,1,120
2024-02-15,Hydro,MW,Chhattisgarh,2024,2,120
2024-03-15,Hydro,MW,Chhattisgarh,2024,3,120
2024-04-15,Hydro,MW,Chhattisgarh,2024,4,120
2024-05-15,Hydro,MW,Chhattisgarh,2024,5,120
2024-06-15,Hydro,MW,Chhattisgarh,2024,6,120
2024-07-15,Hydro,MW,Chhattisgarh,2024,7,120
2024-08-15,Hydro,MW,Chhattisgarh,2024,8,120
2024-09-15,Hydro,MW,Chhattisgarh,2024,9,120
2024-10-15,Hydro,MW,Chhattisgarh,2024,10,120
2024-11-15,Hydro,MW,Chhattisgarh,2024,11,120
2024-12-15,Hydro,MW,Chhattisgarh,2024,12,120
2025-01-15,Hydro,MW,Chhattisgarh,2025,1,120
2025-02-15,Hydro,MW,Chhattisgarh,2025,2,120
2025-03-15,Hydro,MW,Chhattisgarh,2025,3,120
2025-04-15,Hydro,MW,Chhattisgarh,2025,4,120
2025-05-15,Hydro,MW,Chhattisgarh,2025,5,120
2025-06-15,Hydro,MW,Chhattisgarh,2025,6,120
2025-07-15,Hydro,MW,Chhattisgarh,2025,7,120
2025-08-15,Hydro,MW,Chhattisgarh,2025,8,120
2024-01-15,Solar,MW,Chhattisgarh,2024,1,1096.62
2024-02-15,Solar,MW,Chhattisgarh,2024,2,1204.01
2024-03-15,Solar,MW,Chhattisgarh,2024,3,1212.39
2024-04-15,Solar,MW,Chhattisgarh,2024,4,1214.39
2024-05-15,Solar,MW,Chhattisgarh,2024,5,1219.7
2024-06-15,Solar,MW,Chhattisgarh,2024,6,1242.7
2024-07-15,Solar,MW,Chhattisgarh,2024,7,1242.7
2024-08-15,Solar,MW,Chhattisgarh,2024,8,1264.32
2024-09-15,Solar,MW,Chhattisgarh,2024,9,1265.78
2024-10-15,Solar,MW,Chhattisgarh,2024,10,1265.78
2024-11-15,Solar,MW,Chhattisgarh,2024,11,1270.52
2024-12-15,Solar,MW,Chhattisgarh,2024,12,1336.34
2025-01-15,Solar,MW,Chhattisgarh,2025,1,1340.54
2025-02-15,Solar,MW,Chhattisgarh,2025,2,1340.54
2025-03-15,Solar,MW,Chhattisgarh,2025,3,1347.04
2025-04-15,Solar,MW,Chhattisgarh,2025,4,1398.5
2025-05-15,Solar,MW,Chhattisgarh,2025,5,1398.5
2025-06-15,Solar,MW,Chhattisgarh,2025,6,1491.3
2025-07-15,Solar,MW,Chhattisgarh,2025,7,1535.84
2025-08-15,Solar,MW,Chhattisgarh,2025,8,1549.24
2024-01-15,Small-Hydro,MW,Chhattisgarh,2024,1,76
2024-02-15,Small-Hydro,MW,Chhattisgarh,2024,2,76
2024-03-15,Small-Hydro,MW,Chhattisgarh,2024,3,76
2024-04-15,Small-Hydro,MW,Chhattisgarh,2024,4,76
2024-05-15,Small-Hydro,MW,Chhattisgarh,2024,5,76
2024-06-15,Small-Hydro,MW,Chhattisgarh,2024,6,76
2024-07-15,Small-Hydro,MW,Chhattisgarh,2024,7,76
2024-08-15,Small-Hydro,MW,Chhattisgarh,2024,8,76
2024-09-15,Small-Hydro,MW,Chhattisgarh,2024,9,76
2024-10-15,Small-Hydro,MW,Chhattisgarh,2024,10,76
2024-11-15,Small-Hydro,MW,Chhattisgarh,2024,11,76
2024-12-15,Small-Hydro,MW,Chhattisgarh,2024,12,76
2025-01-15,Small-Hydro,MW,Chhattisgarh,2025,1,76
2025-02-15,Small-Hydro,MW,Chhattisgarh,2025,2,76
2025-03-15,Small-Hydro,MW,Chhattisgarh,2025,3,76
2025-04-15,Small-Hydro,MW,Chhattisgarh,2025,4,76
2025-05-15,Small-Hydro,MW,Chhattisgarh,2025,5,76
2025-06-15,Small-Hydro,MW,Chhattisgarh,2025,6,76
2025-07-15,Small-Hydro,MW,Chhattisgarh,2025,7,76
2025-08-15,Small-Hydro,MW,Chhattisgarh,2025,8,76
2024-01-15,Bio Power,MW,Chhattisgarh,2024,1,275
2024-02-15,Bio Power,MW,Chhattisgarh,2024,2,275
2024-03-15,Bio Power,MW,Chhattisgarh,2024,3,275
2024-04-15,Bio Power,MW,Chhattisgarh,2024,4,275
2024-05-15,Bio Power,MW,Chhattisgarh,2024,5,275
2024-06-15,Bio Power,MW,Chhattisgarh,2024,6,275
2024-07-15,Bio Power,MW,Chhattisgarh,2024,7,275
2024-08-15,Bio Power,MW,Chhattisgarh,2024,8,275
2024-09-15,Bio Power,MW,Chhattisgarh,2024,9,275
2024-10-15,Bio Power,MW,Chhattisgarh,2024,10,275
2024-11-15,Bio Power,MW,Chhattisgarh,2024,11,275
2024-12-15,Bio Power,MW,Chhattisgarh,2024,12,275
2025-01-15,Bio Power,MW,Chhattisgarh,2025,1,277.09
2025-02-15,Bio Power,MW,Chhattisgarh,2025,2,277.09
2025-03-15,Bio Power,MW,Chhattisgarh,2025,3,285.42
2025-04-15,Bio Power,MW,Chhattisgarh,2025,4,285.42
2025-05-15,Bio Power,MW,Chhattisgarh,2025,5,285.42
2025-06-15,Bio Power,MW,Chhattisgarh,2025,6,285.42
2025-07-15,Bio Power,MW,Chhattisgarh,2025,7,285.42
2025-08-15,Bio Power,MW,Chhattisgarh,2025,8,285.42
2024-01-15,Coal,MW,Jammu and Kashmir,2024,1,
2024-02-15,Coal,MW,Jammu and Kashmir,2024,2,
2024-03-15,Coal,MW,Jammu and Kashmir,2024,3,
2024-04-15,Coal,MW,Jammu and Kashmir,2024,4,
2024-05-15,Coal,MW,Jammu and Kashmir,2024,5,
2024-06-15,Coal,MW,Jammu and Kashmir,2024,6,
2024-07-15,Coal,MW,Jammu and Kashmir,2024,7,
2024-08-15,Coal,MW,Jammu and Kashmir,2024,8,
2024-09-15,Coal,MW,Jammu and Kashmir,2024,9,
2024-10-15,Coal,MW,Jammu and Kashmir,2024,10,
2024-11-15,Coal,MW,Jammu and Kashmir,2024,11,
2024-12-15,Coal,MW,Jammu and Kashmir,2024,12,
2025-01-15,Coal,MW,Jammu and Kashmir,2025,1,
2025-02-15,Coal,MW,Jammu and Kashmir,2025,2,
2025-03-15,Coal,MW,Jammu and Kashmir,2025,3,
2025-04-15,Coal,MW,Jammu and Kashmir,2025,4,
2025-05-15,Coal,MW,Jammu and Kashmir,2025,5,
2025-06-15,Coal,MW,Jammu and Kashmir,2025,6,
2025-07-15,Coal,MW,Jammu and Kashmir,2025,7,
2025-08-15,Coal,MW,Jammu and Kashmir,2025,8,
2024-01-15,Oil & Gas,MW,Jammu and Kashmir,2024,1,175
2024-02-15,Oil & Gas,MW,Jammu and Kashmir,2024,2,175
2024-03-15,Oil & Gas,MW,Jammu and Kashmir,2024,3,175
2024-04-15,Oil & Gas,MW,Jammu and Kashmir,2024,4,175
2024-05-15,Oil & Gas,MW,Jammu and Kashmir,2024,5,175
2024-06-15,Oil & Gas,MW,Jammu and Kashmir,2024,6,175
2024-07-15,Oil & Gas,MW,Jammu and Kashmir,2024,7,175
2024-08-15,Oil & Gas,MW,Jammu and Kashmir,2024,8,175
2024-09-15,Oil & Gas,MW,Jammu and Kashmir,2024,9,175
2024-10-15,Oil & Gas,MW,Jammu and Kashmir,2024,10,175
2024-11-15,Oil & Gas,MW,Jammu and Kashmir,2024,11,175
2024-12-15,Oil & Gas,MW,Jammu and Kashmir,2024,12,175
2025-01-15,Oil & Gas,MW,Jammu and Kashmir,2025,1,175
2025-02-15,Oil & Gas,MW,Jammu and Kashmir,2025,2,175
2025-03-15,Oil & Gas,MW,Jammu and Kashmir,2025,3,175
2025-04-15,Oil & Gas,MW,Jammu and Kashmir,2025,4,
2025-05-15,Oil & Gas,MW,Jammu and Kashmir,2025,5,
2025-06-15,Oil & Gas,MW,Jammu and Kashmir,2025,6,
2025-07-15,Oil & Gas,MW,Jammu and Kashmir,2025,7,
2025-08-15,Oil & Gas,MW,Jammu and Kashmir,2025,8,
2024-01-15,Hydro,MW,Jammu and Kashmir,2024,1,3360
2024-02-15,Hydro,MW,Jammu and Kashmir,2024,2,3360
2024-03-15,Hydro,MW,Jammu and Kashmir,2024,3,3360
2024-04-15,Hydro,MW,Jammu and Kashmir,2024,4,3360
2024-05-15,Hydro,MW,Jammu and Kashmir,2024,5,3360
2024-06-15,Hydro,MW,Jammu and Kashmir,2024,6,3360
2024-07-15,Hydro,MW,Jammu and Kashmir,2024,7,3360
2024-08-15,Hydro,MW,Jammu and Kashmir,2024,8,3360
2024-09-15,Hydro,MW,Jammu and Kashmir,2024,9,3360
2024-10-15,Hydro,MW,Jammu and Kashmir,2024,10,3360
2024-11-15,Hydro,MW,Jammu and Kashmir,2024,11,3360
2024-12-15,Hydro,MW,Jammu and Kashmir,2024,12,3360
2025-01-15,Hydro,MW,Jammu and Kashmir,2025,1,3360
2025-02-15,Hydro,MW,Jammu and Kashmir,2025,2,3360
2025-03-15,Hydro,MW,Jammu and Kashmir,2025,3,3360
2025-04-15,Hydro,MW,Jammu and Kashmir,2025,4,3360
2025-05-15,Hydro,MW,Jammu and Kashmir,2025,5,3360
2025-06-15,Hydro,MW,Jammu and Kashmir,2025,6,3360
2025-07-15,Hydro,MW,Jammu and Kashmir,2025,7,3360
2025-08-15,Hydro,MW,Jammu and Kashmir,2025,8,3360
2024-01-15,Solar,MW,Jammu and Kashmir,2024,1,54.98
2024-02-15,Solar,MW,Jammu and Kashmir,2024,2,54.98
2024-03-15,Solar,MW,Jammu and Kashmir,2024,3,65.44
2024-04-15,Solar,MW,Jammu and Kashmir,2024,4,65.44
2024-05-15,Solar,MW,Jammu and Kashmir,2024,5,65.44
2024-06-15,Solar,MW,Jammu and Kashmir,2024,6,65.44
2024-07-15,Solar,MW,Jammu and Kashmir,2024,7,67.55
2024-08-15,Solar,MW,Jammu and Kashmir,2024,8,70.19
2024-09-15,Solar,MW,Jammu and Kashmir,2024,9,73.31
2024-10-15,Solar,MW,Jammu and Kashmir,2024,10,73.89
2024-11-15,Solar,MW,Jammu and Kashmir,2024,11,74.15
2024-12-15,Solar,MW,Jammu and Kashmir,2024,12,74.36
2025-01-15,Solar,MW,Jammu and Kashmir,2025,1,74.49
2025-02-15,Solar,MW,Jammu and Kashmir,2025,2,74.49
2025-03-15,Solar,MW,Jammu and Kashmir,2025,3,74.49
2025-04-15,Solar,MW,Jammu and Kashmir,2025,4,74.49
2025-05-15,Solar,MW,Jammu and Kashmir,2025,5,74.49
2025-06-15,Solar,MW,Jammu and Kashmir,2025,6,74.49
2025-07-15,Solar,MW,Jammu and Kashmir,2025,7,74.49
2025-08-15,Solar,MW,Jammu and Kashmir,2025,8,74.49
2024-01-15,Small-Hydro,MW,Jammu and Kashmir,2024,1,161.43
2024-02-15,Small-Hydro,MW,Jammu and Kashmir,2024,2,161.43
2024-03-15,Small-Hydro,MW,Jammu and Kashmir,2024,3,169.93
2024-04-15,Small-Hydro,MW,Jammu and Kashmir,2024,4,169.93
2024-05-15,Small-Hydro,MW,Jammu and Kashmir,2024,5,169.93
2024-06-15,Small-Hydro,MW,Jammu and Kashmir,2024,6,169.93
2024-07-15,Small-Hydro,MW,Jammu and Kashmir,2024,7,189.93
2024-08-15,Small-Hydro,MW,Jammu and Kashmir,2024,8,189.93
2024-09-15,Small-Hydro,MW,Jammu and Kashmir,2024,9,189.93
2024-10-15,Small-Hydro,MW,Jammu and Kashmir,2024,10,189.93
2024-11-15,Small-Hydro,MW,Jammu and Kashmir,2024,11,189.93
2024-12-15,Small-Hydro,MW,Jammu and Kashmir,2024,12,189.93
2025-01-15,Small-Hydro,MW,Jammu and Kashmir,2025,1,189.93
2025-02-15,Small-Hydro,MW,Jammu and Kashmir,2025,2,189.93
2025-03-15,Small-Hydro,MW,Jammu and Kashmir,2025,3,189.93
2025-04-15,Small-Hydro,MW,Jammu and Kashmir,2025,4,189.93
2025-05-15,Small-Hydro,MW,Jammu and Kashmir,2025,5,189.93
2025-06-15,Small-Hydro,MW,Jammu and Kashmir,2025,6,189.93
2025-07-15,Small-Hydro,MW,Jammu and Kashmir,2025,7,189.93
2025-08-15,Small-Hydro,MW,Jammu and Kashmir,2025,8,189.93
2024-01-15,Bio Power,MW,Jammu and Kashmir,2024,1,
2024-02-15,Bio Power,MW,Jammu and Kashmir,2024,2,
2024-03-15,Bio Power,MW,Jammu and Kashmir,2024,3,
2024-04-15,Bio Power,MW,Jammu and Kashmir,2024,4,
2024-05-15,Bio Power,MW,Jammu and Kashmir,2024,5,
2024-06-15,Bio Power,MW,Jammu and Kashmir,2024,6,
2024-07-15,Bio Power,MW,Jammu and Kashmir,2024,7,
2024-08-15,Bio Power,MW,Jammu and Kashmir,2024,8,
2024-09-15,Bio Power,MW,Jammu and Kashmir,2024,9,
2024-10-15,Bio Power,MW,Jammu and Kashmir,2024,10,
2024-11-15,Bio Power,MW,Jammu and Kashmir,2024,11,
2024-12-15,Bio Power,MW,Jammu and Kashmir,2024,12,
2025-01-15,Bio Power,MW,Jammu and Kashmir,2025,1,
2025-02-15,Bio Power,MW,Jammu and Kashmir,2025,2,
2025-03-15,Bio Power,MW,Jammu and Kashmir,2025,3,
2025-04-15,Bio Power,MW,Jammu and Kashmir,2025,4,
2025-05-15,Bio Power,MW,Jammu and Kashmir,2025,5,
2025-06-15,Bio Power,MW,Jammu and Kashmir,2025,6,
2025-07-15,Bio Power,MW,Jammu and Kashmir,2025,7,
2025-08-15,Bio Power,MW,Jammu and Kashmir,2025,8,
2024-01-15,Coal,MW,Himachal Pradesh,2024,1,
2024-02-15,Coal,MW,Himachal Pradesh,2024,2,
2024-03-15,Coal,MW,Himachal Pradesh,2024,3,
2024-04-15,Coal,MW,Himachal Pradesh,2024,4,
2024-05-15,Coal,MW,Himachal Pradesh,2024,5,
2024-06-15,Coal,MW,Himachal Pradesh,2024,6,
2024-07-15,Coal,MW,Himachal Pradesh,2024,7,
2024-08-15,Coal,MW,Himachal Pradesh,2024,8,
2024-09-15,Coal,MW,Himachal Pradesh,2024,9,
2024-10-15,Coal,MW,Himachal Pradesh,2024,10,
2024-11-15,Coal,MW,Himachal Pradesh,2024,11,
2024-12-15,Coal,MW,Himachal Pradesh,2024,12,
2025-01-15,Coal,MW,Himachal Pradesh,2025,1,
2025-02-15,Coal,MW,Himachal Pradesh,2025,2,
2025-03-15,Coal,MW,Himachal Pradesh,2025,3,
2025-04-15,Coal,MW,Himachal Pradesh,2025,4,
2025-05-15,Coal,MW,Himachal Pradesh,2025,5,
2025-06-15,Coal,MW,Himachal Pradesh,2025,6,
2025-07-15,Coal,MW,Himachal Pradesh,2025,7,
2025-08-15,Coal,MW,Himachal Pradesh,2025,8,
2024-01-15,Oil & Gas,MW,Himachal Pradesh,2024,1,
2024-02-15,Oil & Gas,MW,Himachal Pradesh,2024,2,
2024-03-15,Oil & Gas,MW,Himachal Pradesh,2024,3,
2024-04-15,Oil & Gas,MW,Himachal Pradesh,2024,4,
2024-05-15,Oil & Gas,MW,Himachal Pradesh,2024,5,
2024-06-15,Oil & Gas,MW,Himachal Pradesh,2024,6,
2024-07-15,Oil & Gas,MW,Himachal Pradesh,2024,7,
2024-08-15,Oil & Gas,MW,Himachal Pradesh,2024,8,
2024-09-15,Oil & Gas,MW,Himachal Pradesh,2024,9,
2024-10-15,Oil & Gas,MW,Himachal Pradesh,2024,10,
2024-11-15,Oil & Gas,MW,Himachal Pradesh,2024,11,
2024-12-15,Oil & Gas,MW,Himachal Pradesh,2024,12,
2025-01-15,Oil & Gas,MW,Himachal Pradesh,2025,1,
2025-02-15,Oil & Gas,MW,Himachal Pradesh,2025,2,
2025-03-15,Oil & Gas,MW,Himachal Pradesh,2025,3,
2025-04-15,Oil & Gas,MW,Himachal Pradesh,2025,4,
2025-05-15,Oil & Gas,MW,Himachal Pradesh,2025,5,
2025-06-15,Oil & Gas,MW,Himachal Pradesh,2025,6,
2025-07-15,Oil & Gas,MW,Himachal Pradesh,2025,7,
2025-08-15,Oil & Gas,MW,Himachal Pradesh,2025,8,
2024-01-15,Hydro,MW,Himachal Pradesh,2024,1,10281.02
2024-02-15,Hydro,MW,Himachal Pradesh,2024,2,10281.02
2024-03-15,Hydro,MW,Himachal Pradesh,2024,3,10281.02
2024-04-15,Hydro,MW,Himachal Pradesh,2024,4,10281.02
2024-05-15,Hydro,MW,Himachal Pradesh,2024,5,10281.02
2024-06-15,Hydro,MW,Himachal Pradesh,2024,6,10281.02
2024-07-15,Hydro,MW,Himachal Pradesh,2024,7,10281.02
2024-08-15,Hydro,MW,Himachal Pradesh,2024,8,10281.02
2024-09-15,Hydro,MW,Himachal Pradesh,2024,9,10281.02
2024-10-15,Hydro,MW,Himachal Pradesh,2024,10,10281.02
2024-11-15,Hydro,MW,Himachal Pradesh,2024,11,10281.02
2024-12-15,Hydro,MW,Himachal Pradesh,2024,12,10281.02
2025-01-15,Hydro,MW,Himachal Pradesh,2025,1,10281.02
2025-02-15,Hydro,MW,Himachal Pradesh,2025,2,10281.02
2025-03-15,Hydro,MW,Himachal Pradesh,2025,3,10981.01
2025-04-15,Hydro,MW,Himachal Pradesh,2025,4,11181.01
2025-05-15,Hydro,MW,Himachal Pradesh,2025,5,11181.01
2025-06-15,Hydro,MW,Himachal Pradesh,2025,6,11181.01
2025-07-15,Hydro,MW,Himachal Pradesh,2025,7,11181.01
2025-08-15,Hydro,MW,Himachal Pradesh,2025,8,11421.01
2024-01-15,Solar,MW,Himachal Pradesh,2024,1,112.79
2024-02-15,Solar,MW,Himachal Pradesh,2024,2,112.79
2024-03-15,Solar,MW,Himachal Pradesh,2024,3,95.23
2024-04-15,Solar,MW,Himachal Pradesh,2024,4,96
2024-05-15,Solar,MW,Himachal Pradesh,2024,5,128.5
2024-06-15,Solar,MW,Himachal Pradesh,2024,6,129
2024-07-15,Solar,MW,Himachal Pradesh,2024,7,129.66
2024-08-15,Solar,MW,Himachal Pradesh,2024,8,135.22
2024-09-15,Solar,MW,Himachal Pradesh,2024,9,136.55
2024-10-15,Solar,MW,Himachal Pradesh,2024,10,137.29
2024-11-15,Solar,MW,Himachal Pradesh,2024,11,139.89
2024-12-15,Solar,MW,Himachal Pradesh,2024,12,162.51
2025-01-15,Solar,MW,Himachal Pradesh,2025,1,162.51
2025-02-15,Solar,MW,Himachal Pradesh,2025,2,170.26
2025-03-15,Solar,MW,Himachal Pradesh,2025,3,204.26
2025-04-15,Solar,MW,Himachal Pradesh,2025,4,213.66
2025-05-15,Solar,MW,Himachal Pradesh,2025,5,217.22
2025-06-15,Solar,MW,Himachal Pradesh,2025,6,251.9
2025-07-15,Solar,MW,Himachal Pradesh,2025,7,300.48
2025-08-15,Solar,MW,Himachal Pradesh,2025,8,306.48
2024-01-15,Small-Hydro,MW,Himachal Pradesh,2024,1,969.71
2024-02-15,Small-Hydro,MW,Himachal Pradesh,2024,2,969.71
2024-03-15,Small-Hydro,MW,Himachal Pradesh,2024,3,969.71
2024-04-15,Small-Hydro,MW,Himachal Pradesh,2024,4,969.71
2024-05-15,Small-Hydro,MW,Himachal Pradesh,2024,5,969.71
2024-06-15,Small-Hydro,MW,Himachal Pradesh,2024,6,969.71
2024-07-15,Small-Hydro,MW,Himachal Pradesh,2024,7,969.71
2024-08-15,Small-Hydro,MW,Himachal Pradesh,2024,8,993.71
2024-09-15,Small-Hydro,MW,Himachal Pradesh,2024,9,993.71
2024-10-15,Small-Hydro,MW,Himachal Pradesh,2024,10,993.71
2024-11-15,Small-Hydro,MW,Himachal Pradesh,2024,11,1000.71
2024-12-15,Small-Hydro,MW,Himachal Pradesh,2024,12,1000.71
2025-01-15,Small-Hydro,MW,Himachal Pradesh,2025,1,1000.71
2025-02-15,Small-Hydro,MW,Himachal Pradesh,2025,2,1000.71
2025-03-15,Small-Hydro,MW,Himachal Pradesh,2025,3,1000.71
2025-04-15,Small-Hydro,MW,Himachal Pradesh,2025,4,1000.71
2025-05-15,Small-Hydro,MW,Himachal Pradesh,2025,5,1000.71
2025-06-15,Small-Hydro,MW,Himachal Pradesh,2025,6,1000.71
2025-07-15,Small-Hydro,MW,Himachal Pradesh,2025,7,1000.71
2025-08-15,Small-Hydro,MW,Himachal Pradesh,2025,8,1000.71
2024-01-15,Bio Power,MW,Himachal Pradesh,2024,1,10.2
2024-02-15,Bio Power,MW,Himachal Pradesh,2024,2,10.2
2024-03-15,Bio Power,MW,Himachal Pradesh,2024,3,10.2
2024-04-15,Bio Power,MW,Himachal Pradesh,2024,4,10.2
2024-05-15,Bio Power,MW,Himachal Pradesh,2024,5,10.2
2024-06-15,Bio Power,MW,Himachal Pradesh,2024,6,10.2
2024-07-15,Bio Power,MW,Himachal Pradesh,2024,7,10.2
2024-08-15,Bio Power,MW,Himachal Pradesh,2024,8,10.2
2024-09-15,Bio Power,MW,Himachal Pradesh,2024,9,10.2
2024-10-15,Bio Power,MW,Himachal Pradesh,2024,10,10.2
2024-11-15,Bio Power,MW,Himachal Pradesh,2024,11,10.2
2024-12-15,Bio Power,MW,Himachal Pradesh,2024,12,10.2
2025-01-15,Bio Power,MW,Himachal Pradesh,2025,1,10.2
2025-02-15,Bio Power,MW,Himachal Pradesh,2025,2,10.2
2025-03-15,Bio Power,MW,Himachal Pradesh,2025,3,10.2
2025-04-15,Bio Power,MW,Himachal Pradesh,2025,4,10.2
2025-05-15,Bio Power,MW,Himachal Pradesh,2025,5,10.2
2025-06-15,Bio Power,MW,Himachal Pradesh,2025,6,10.2
2025-07-15,Bio Power,MW,Himachal Pradesh,2025,7,10.2
2025-08-15,Bio Power,MW,Himachal Pradesh,2025,8,10.2
2024-01-15,Coal,MW,Chandigarh,2024,1,
2024-02-15,Coal,MW,Chandigarh,2024,2,
2024-03-15,Coal,MW,Chandigarh,2024,3,
2024-04-15,Coal,MW,Chandigarh,2024,4,
2024-05-15,Coal,MW,Chandigarh,2024,5,
2024-06-15,Coal,MW,Chandigarh,2024,6,
2024-07-15,Coal,MW,Chandigarh,2024,7,
2024-08-15,Coal,MW,Chandigarh,2024,8,
2024-09-15,Coal,MW,Chandigarh,2024,9,
2024-10-15,Coal,MW,Chandigarh,2024,10,
2024-11-15,Coal,MW,Chandigarh,2024,11,
2024-12-15,Coal,MW,Chandigarh,2024,12,
2025-01-15,Coal,MW,Chandigarh,2025,1,
2025-02-15,Coal,MW,Chandigarh,2025,2,
2025-03-15,Coal,MW,Chandigarh,2025,3,
2025-04-15,Coal,MW,Chandigarh,2025,4,
2025-05-15,Coal,MW,Chandigarh,2025,5,
2025-06-15,Coal,MW,Chandigarh,2025,6,
2025-07-15,Coal,MW,Chandigarh,2025,7,
2025-08-15,Coal,MW,Chandigarh,2025,8,
2024-01-15,Oil & Gas,MW,Chandigarh,2024,1,
2024-02-15,Oil & Gas,MW,Chandigarh,2024,2,
2024-03-15,Oil & Gas,MW,Chandigarh,2024,3,
2024-04-15,Oil & Gas,MW,Chandigarh,2024,4,
2024-05-15,Oil & Gas,MW,Chandigarh,2024,5,
2024-06-15,Oil & Gas,MW,Chandigarh,2024,6,
2024-07-15,Oil & Gas,MW,Chandigarh,2024,7,
2024-08-15,Oil & Gas,MW,Chandigarh,2024,8,
2024-09-15,Oil & Gas,MW,Chandigarh,2024,9,
2024-10-15,Oil & Gas,MW,Chandigarh,2024,10,
2024-11-15,Oil & Gas,MW,Chandigarh,2024,11,
2024-12-15,Oil & Gas,MW,Chandigarh,2024,12,
2025-01-15,Oil & Gas,MW,Chandigarh,2025,1,
2025-02-15,Oil & Gas,MW,Chandigarh,2025,2,
2025-03-15,Oil & Gas,MW,Chandigarh,2025,3,
2025-04-15,Oil & Gas,MW,Chandigarh,2025,4,
2025-05-15,Oil & Gas,MW,Chandigarh,2025,5,
2025-06-15,Oil & Gas,MW,Chandigarh,2025,6,
2025-07-15,Oil & Gas,MW,Chandigarh,2025,7,
2025-08-15,Oil & Gas,MW,Chandigarh,2025,8,
2024-01-15,Hydro,MW,Chandigarh,2024,1,
2024-02-15,Hydro,MW,Chandigarh,2024,2,
2024-03-15,Hydro,MW,Chandigarh,2024,3,
2024-04-15,Hydro,MW,Chandigarh,2024,4,
2024-05-15,Hydro,MW,Chandigarh,2024,5,
2024-06-15,Hydro,MW,Chandigarh,2024,6,
2024-07-15,Hydro,MW,Chandigarh,2024,7,
2024-08-15,Hydro,MW,Chandigarh,2024,8,
2024-09-15,Hydro,MW,Chandigarh,2024,9,
2024-10-15,Hydro,MW,Chandigarh,2024,10,
2024-11-15,Hydro,MW,Chandigarh,2024,11,
2024-12-15,Hydro,MW,Chandigarh,2024,12,
2025-01-15,Hydro,MW,Chandigarh,2025,1,
2025-02-15,Hydro,MW,Chandigarh,2025,2,
2025-03-15,Hydro,MW,Chandigarh,2025,3,
2025-04-15,Hydro,MW,Chandigarh,2025,4,
2025-05-15,Hydro,MW,Chandigarh,2025,5,
2025-06-15,Hydro,MW,Chandigarh,2025,6,
2025-07-15,Hydro,MW,Chandigarh,2025,7,
2025-08-15,Hydro,MW,Chandigarh,2025,8,
2024-01-15,Solar,MW,Chandigarh,2024,1,64.05
2024-02-15,Solar,MW,Chandigarh,2024,2,64.05
2024-03-15,Solar,MW,Chandigarh,2024,3,65.52
2024-04-15,Solar,MW,Chandigarh,2024,4,65.52
2024-05-15,Solar,MW,Chandigarh,2024,5,65.52
2024-06-15,Solar,MW,Chandigarh,2024,6,65.52
2024-07-15,Solar,MW,Chandigarh,2024,7,73.22
2024-08-15,Solar,MW,Chandigarh,2024,8,73.58
2024-09-15,Solar,MW,Chandigarh,2024,9,74.04
2024-10-15,Solar,MW,Chandigarh,2024,10,75.51
2024-11-15,Solar,MW,Chandigarh,2024,11,76.26
2024-12-15,Solar,MW,Chandigarh,2024,12,77.05
2025-01-15,Solar,MW,Chandigarh,2025,1,78.85
2025-02-15,Solar,MW,Chandigarh,2025,2,78.85
2025-03-15,Solar,MW,Chandigarh,2025,3,78.85
2025-04-15,Solar,MW,Chandigarh,2025,4,78.85
2025-05-15,Solar,MW,Chandigarh,2025,5,78.85
2025-06-15,Solar,MW,Chandigarh,2025,6,78.85
2025-07-15,Solar,MW,Chandigarh,2025,7,78.85
2025-08-15,Solar,MW,Chandigarh,2025,8,78.85
2024-01-15,Small-Hydro,MW,Chandigarh,2024,1,
2024-02-15,Small-Hydro,MW,Chandigarh,2024,2,
2024-03-15,Small-Hydro,MW,Chandigarh,2024,3,
2024-04-15,Small-Hydro,MW,Chandigarh,2024,4,
2024-05-15,Small-Hydro,MW,Chandigarh,2024,5,
2024-06-15,Small-Hydro,MW,Chandigarh,2024,6,
2024-07-15,Small-Hydro,MW,Chandigarh,2024,7,
2024-08-15,Small-Hydro,MW,Chandigarh,2024,8,
2024-09-15,Small-Hydro,MW,Chandigarh,2024,9,
2024-10-15,Small-Hydro,MW,Chandigarh,2024,10,
2024-11-15,Small-Hydro,MW,Chandigarh,2024,11,
2024-12-15,Small-Hydro,MW,Chandigarh,2024,12,
2025-01-15,Small-Hydro,MW,Chandigarh,2025,1,
2025-02-15,Small-Hydro,MW,Chandigarh,2025,2,
2025-03-15,Small-Hydro,MW,Chandigarh,2025,3,
2025-04-15,Small-Hydro,MW,Chandigarh,2025,4,
2025-05-15,Small-Hydro,MW,Chandigarh,2025,5,
2025-06-15,Small-Hydro,MW,Chandigarh,2025,6,
2025-07-15,Small-Hydro,MW,Chandigarh,2025,7,
2025-08-15,Small-Hydro,MW,Chandigarh,2025,8,
2024-01-15,Bio Power,MW,Chandigarh,2024,1,
2024-02-15,Bio Power,MW,Chandigarh,2024,2,
2024-03-15,Bio Power,MW,Chandigarh,2024,3,
2024-04-15,Bio Power,MW,Chandigarh,2024,4,
2024-05-15,Bio Power,MW,Chandigarh,2024,5,
2024-06-15,Bio Power,MW,Chandigarh,2024,6,
2024-07-15,Bio Power,MW,Chandigarh,2024,7,
2024-08-15,Bio Power,MW,Chandigarh,2024,8,
2024-09-15,Bio Power,MW,Chandigarh,2024,9,
2024-10-15,Bio Power,MW,Chandigarh,2024,10,
2024-11-15,Bio Power,MW,Chandigarh,2024,11,
2024-12-15,Bio Power,MW,Chandigarh,2024,12,
2025-01-15,Bio Power,MW,Chandigarh,2025,1,
2025-02-15,Bio Power,MW,Chandigarh,2025,2,
2025-03-15,Bio Power,MW,Chandigarh,2025,3,
2025-04-15,Bio Power,MW,Chandigarh,2025,4,
2025-05-15,Bio Power,MW,Chandigarh,2025,5,
2025-06-15,Bio Power,MW,Chandigarh,2025,6,
2025-07-15,Bio Power,MW,Chandigarh,2025,7,
2025-08-15,Bio Power,MW,Chandigarh,2025,8,
2024-01-15,Coal,MW,Haryana,2024,1,5330
2024-02-15,Coal,MW,Haryana,2024,2,5330
2024-03-15,Coal,MW,Haryana,2024,3,5330
2024-04-15,Coal,MW,Haryana,2024,4,5330
2024-05-15,Coal,MW,Haryana,2024,5,5330
2024-06-15,Coal,MW,Haryana,2024,6,5330
2024-07-15,Coal,MW,Haryana,2024,7,5330
2024-08-15,Coal,MW,Haryana,2024,8,5330
2024-09-15,Coal,MW,Haryana,2024,9,5330
2024-10-15,Coal,MW,Haryana,2024,10,5330
2024-11-15,Coal,MW,Haryana,2024,11,5330
2024-12-15,Coal,MW,Haryana,2024,12,5330
2025-01-15,Coal,MW,Haryana,2025,1,5330
2025-02-15,Coal,MW,Haryana,2025,2,5330
2025-03-15,Coal,MW,Haryana,2025,3,5330
2025-04-15,Coal,MW,Haryana,2025,4,5330
2025-05-15,Coal,MW,Haryana,2025,5,5330
2025-06-15,Coal,MW,Haryana,2025,6,5330
2025-07-15,Coal,MW,Haryana,2025,7,5330
2025-08-15,Coal,MW,Haryana,2025,8,5330
2024-01-15,Oil & Gas,MW,Haryana,2024,1,431.59
2024-02-15,Oil & Gas,MW,Haryana,2024,2,431.59
2024-03-15,Oil & Gas,MW,Haryana,2024,3,431.59
2024-04-15,Oil & Gas,MW,Haryana,2024,4,431.59
2024-05-15,Oil & Gas,MW,Haryana,2024,5,431.59
2024-06-15,Oil & Gas,MW,Haryana,2024,6,431.59
2024-07-15,Oil & Gas,MW,Haryana,2024,7,431.59
2024-08-15,Oil & Gas,MW,Haryana,2024,8,431.59
2024-09-15,Oil & Gas,MW,Haryana,2024,9,431.59
2024-10-15,Oil & Gas,MW,Haryana,2024,10,431.59
2024-11-15,Oil & Gas,MW,Haryana,2024,11,431.59
2024-12-15,Oil & Gas,MW,Haryana,2024,12,431.59
2025-01-15,Oil & Gas,MW,Haryana,2025,1,431.59
2025-02-15,Oil & Gas,MW,Haryana,2025,2,431.59
2025-03-15,Oil & Gas,MW,Haryana,2025,3,431.59
2025-04-15,Oil & Gas,MW,Haryana,2025,4,431.59
2025-05-15,Oil & Gas,MW,Haryana,2025,5,431.59
2025-06-15,Oil & Gas,MW,Haryana,2025,6,431.59
2025-07-15,Oil & Gas,MW,Haryana,2025,7,431.59
2025-08-15,Oil & Gas,MW,Haryana,2025,8,431.59
2024-01-15,Hydro,MW,Haryana,2024,1,
2024-02-15,Hydro,MW,Haryana,2024,2,
2024-03-15,Hydro,MW,Haryana,2024,3,
2024-04-15,Hydro,MW,Haryana,2024,4,
2024-05-15,Hydro,MW,Haryana,2024,5,
2024-06-15,Hydro,MW,Haryana,2024,6,
2024-07-15,Hydro,MW,Haryana,2024,7,
2024-08-15,Hydro,MW,Haryana,2024,8,
2024-09-15,Hydro,MW,Haryana,2024,9,
2024-10-15,Hydro,MW,Haryana,2024,10,
2024-11-15,Hydro,MW,Haryana,2024,11,
2024-12-15,Hydro,MW,Haryana,2024,12,
2025-01-15,Hydro,MW,Haryana,2025,1,
2025-02-15,Hydro,MW,Haryana,2025,2,
2025-03-15,Hydro,MW,Haryana,2025,3,
2025-04-15,Hydro,MW,Haryana,2025,4,
2025-05-15,Hydro,MW,Haryana,2025,5,
2025-06-15,Hydro,MW,Haryana,2025,6,
2025-07-15,Hydro,MW,Haryana,2025,7,
2025-08-15,Hydro,MW,Haryana,2025,8,
2024-01-15,Solar,MW,Haryana,2024,1,1323.61
2024-02-15,Solar,MW,Haryana,2024,2,1323.61
2024-03-15,Solar,MW,Haryana,2024,3,1475.72
2024-04-15,Solar,MW,Haryana,2024,4,1496.8
2024-05-15,Solar,MW,Haryana,2024,5,1599.23
2024-06-15,Solar,MW,Haryana,2024,6,1628.82
2024-07-15,Solar,MW,Haryana,2024,7,1805.28
2024-08-15,Solar,MW,Haryana,2024,8,1872.62
2024-09-15,Solar,MW,Haryana,2024,9,1901.88
2024-10-15,Solar,MW,Haryana,2024,10,1905.19
2024-11-15,Solar,MW,Haryana,2024,11,1956.35
2024-12-15,Solar,MW,Haryana,2024,12,1986.96
2025-01-15,Solar,MW,Haryana,2025,1,2015.34
2025-02-15,Solar,MW,Haryana,2025,2,2025.18
2025-03-15,Solar,MW,Haryana,2025,3,2064.97
2025-04-15,Solar,MW,Haryana,2025,4,2099.33
2025-05-15,Solar,MW,Haryana,2025,5,2107.82
2025-06-15,Solar,MW,Haryana,2025,6,2151.39
2025-07-15,Solar,MW,Haryana,2025,7,2177.01
2025-08-15,Solar,MW,Haryana,2025,8,2231.39
2024-01-15,Small-Hydro,MW,Haryana,2024,1,73.5
2024-02-15,Small-Hydro,MW,Haryana,2024,2,73.5
2024-03-15,Small-Hydro,MW,Haryana,2024,3,73.5
2024-04-15,Small-Hydro,MW,Haryana,2024,4,73.5
2024-05-15,Small-Hydro,MW,Haryana,2024,5,73.5
2024-06-15,Small-Hydro,MW,Haryana,2024,6,73.5
2024-07-15,Small-Hydro,MW,Haryana,2024,7,73.5
2024-08-15,Small-Hydro,MW,Haryana,2024,8,73.5
2024-09-15,Small-Hydro,MW,Haryana,2024,9,73.5
2024-10-15,Small-Hydro,MW,Haryana,2024,10,73.5
2024-11-15,Small-Hydro,MW,Haryana,2024,11,73.5
2024-12-15,Small-Hydro,MW,Haryana,2024,12,73.5
2025-01-15,Small-Hydro,MW,Haryana,2025,1,73.5
2025-02-15,Small-Hydro,MW,Haryana,2025,2,73.5
2025-03-15,Small-Hydro,MW,Haryana,2025,3,73.5
2025-04-15,Small-Hydro,MW,Haryana,2025,4,73.5
2025-05-15,Small-Hydro,MW,Haryana,2025,5,73.5
2025-06-15,Small-Hydro,MW,Haryana,2025,6,73.5
2025-07-15,Small-Hydro,MW,Haryana,2025,7,73.5
2025-08-15,Small-Hydro,MW,Haryana,2025,8,73.5
2024-01-15,Bio Power,MW,Haryana,2024,1,265.7
2024-02-15,Bio Power,MW,Haryana,2024,2,265.7
2024-03-15,Bio Power,MW,Haryana,2024,3,283.7
2024-04-15,Bio Power,MW,Haryana,2024,4,285.03
2024-05-15,Bio Power,MW,Haryana,2024,5,285.03
2024-06-15,Bio Power,MW,Haryana,2024,6,285.03
2024-07-15,Bio Power,MW,Haryana,2024,7,285.03
2024-08-15,Bio Power,MW,Haryana,2024,8,288.24
2024-09-15,Bio Power,MW,Haryana,2024,9,288.24
2024-10-15,Bio Power,MW,Haryana,2024,10,289.49
2024-11-15,Bio Power,MW,Haryana,2024,11,292.62
2024-12-15,Bio Power,MW,Haryana,2024,12,292.62
2025-01-15,Bio Power,MW,Haryana,2025,1,292.62
2025-02-15,Bio Power,MW,Haryana,2025,2,292.62
2025-03-15,Bio Power,MW,Haryana,2025,3,311.47
2025-04-15,Bio Power,MW,Haryana,2025,4,311.47
2025-05-15,Bio Power,MW,Haryana,2025,5,311.47
2025-06-15,Bio Power,MW,Haryana,2025,6,311.47
2025-07-15,Bio Power,MW,Haryana,2025,7,311.47
2025-08-15,Bio Power,MW,Haryana,2025,8,311.47
2024-01-15,Hydro,MW,Ladakh,2024,1,89
2024-02-15,Hydro,MW,Ladakh,2024,2,89
2024-03-15,Hydro,MW,Ladakh,2024,3,89
2024-04-15,Hydro,MW,Ladakh,2024,4,89
2024-05-15,Hydro,MW,Ladakh,2024,5,89
2024-06-15,Hydro,MW,Ladakh,2024,6,89
2024-07-15,Hydro,MW,Ladakh,2024,7,89
2024-08-15,Hydro,MW,Ladakh,2024,8,89
2024-09-15,Hydro,MW,Ladakh,2024,9,89
2024-10-15,Hydro,MW,Ladakh,2024,10,89
2024-11-15,Hydro,MW,Ladakh,2024,11,89
2024-12-15,Hydro,MW,Ladakh,2024,12,89
2025-01-15,Hydro,MW,Ladakh,2025,1,89
2025-02-15,Hydro,MW,Ladakh,2025,2,89
2025-03-15,Hydro,MW,Ladakh,2025,3,89
2025-04-15,Hydro,MW,Ladakh,2025,4,89
2025-05-15,Hydro,MW,Ladakh,2025,5,89
2025-06-15,Hydro,MW,Ladakh,2025,6,89
2025-07-15,Hydro,MW,Ladakh,2025,7,89
2025-08-15,Hydro,MW,Ladakh,2025,8,89
2024-01-15,Solar,MW,Ladakh,2024,1,7.8
2024-02-15,Solar,MW,Ladakh,2024,2,7.8
2024-03-15,Solar,MW,Ladakh,2024,3,7.8
2024-04-15,Solar,MW,Ladakh,2024,4,7.8
2024-05-15,Solar,MW,Ladakh,2024,5,7.8
2024-06-15,Solar,MW,Ladakh,2024,6,7.8
2024-07-15,Solar,MW,Ladakh,2024,7,7.8
2024-08-15,Solar,MW,Ladakh,2024,8,7.8
2024-09-15,Solar,MW,Ladakh,2024,9,7.8
2024-10-15,Solar,MW,Ladakh,2024,10,7.8
2024-11-15,Solar,MW,Ladakh,2024,11,7.8
2024-12-15,Solar,MW,Ladakh,2024,12,7.8
2025-01-15,Solar,MW,Ladakh,2025,1,7.8
2025-02-15,Solar,MW,Ladakh,2025,2,7.8
2025-03-15,Solar,MW,Ladakh,2025,3,7.8
2025-04-15,Solar,MW,Ladakh,2025,4,7.8
2025-05-15,Solar,MW,Ladakh,2025,5,7.8
2025-06-15,Solar,MW,Ladakh,2025,6,7.8
2025-07-15,Solar,MW,Ladakh,2025,7,11
2025-08-15,Solar,MW,Ladakh,2025,8,11
2024-01-15,Small-Hydro,MW,Ladakh,2024,1,42.99
2024-02-15,Small-Hydro,MW,Ladakh,2024,2,42.99
2024-03-15,Small-Hydro,MW,Ladakh,2024,3,42.99
2024-04-15,Small-Hydro,MW,Ladakh,2024,4,42.99
2024-05-15,Small-Hydro,MW,Ladakh,2024,5,42.99
2024-06-15,Small-Hydro,MW,Ladakh,2024,6,42.99
2024-07-15,Small-Hydro,MW,Ladakh,2024,7,42.99
2024-08-15,Small-Hydro,MW,Ladakh,2024,8,42.99
2024-09-15,Small-Hydro,MW,Ladakh,2024,9,42.99
2024-10-15,Small-Hydro,MW,Ladakh,2024,10,44.49
2024-11-15,Small-Hydro,MW,Ladakh,2024,11,44.49
2024-12-15,Small-Hydro,MW,Ladakh,2024,12,45.79
2025-01-15,Small-Hydro,MW,Ladakh,2025,1,45.79
2025-02-15,Small-Hydro,MW,Ladakh,2025,2,45.79
2025-03-15,Small-Hydro,MW,Ladakh,2025,3,45.79
2025-04-15,Small-Hydro,MW,Ladakh,2025,4,45.79
2025-05-15,Small-Hydro,MW,Ladakh,2025,5,45.79
2025-06-15,Small-Hydro,MW,Ladakh,2025,6,45.79
2025-07-15,Small-Hydro,MW,Ladakh,2025,7,45.79
2025-08-15,Small-Hydro,MW,Ladakh,2025,8,45.79
2024-01-15,Coal,MW,Madhya Pradesh,2024,1,22000
2024-02-15,Coal,MW,Madhya Pradesh,2024,2,22000
2024-03-15,Coal,MW,Madhya Pradesh,2024,3,22000
2024-04-15,Coal,MW,Madhya Pradesh,2024,4,22000
2024-05-15,Coal,MW,Madhya Pradesh,2024,5,22000
2024-06-15,Coal,MW,Madhya Pradesh,2024,6,22000
2024-07-15,Coal,MW,Madhya Pradesh,2024,7,22000
2024-08-15,Coal,MW,Madhya Pradesh,2024,8,22000
2024-09-15,Coal,MW,Madhya Pradesh,2024,9,22000
2024-10-15,Coal,MW,Madhya Pradesh,2024,10,22000
2024-11-15,Coal,MW,Madhya Pradesh,2024,11,22000
2024-12-15,Coal,MW,Madhya Pradesh,2024,12,22000
2025-01-15,Coal,MW,Madhya Pradesh,2025,1,22000
2025-02-15,Coal,MW,Madhya Pradesh,2025,2,22000
2025-03-15,Coal,MW,Madhya Pradesh,2025,3,22000
2025-04-15,Coal,MW,Madhya Pradesh,2025,4,21170
2025-05-15,Coal,MW,Madhya Pradesh,2025,5,21170
2025-06-15,Coal,MW,Madhya Pradesh,2025,6,21170
2025-07-15,Coal,MW,Madhya Pradesh,2025,7,21170
2025-08-15,Coal,MW,Madhya Pradesh,2025,8,21170
2024-01-15,Oil & Gas,MW,Madhya Pradesh,2024,1,
2024-02-15,Oil & Gas,MW,Madhya Pradesh,2024,2,
2024-03-15,Oil & Gas,MW,Madhya Pradesh,2024,3,
2024-04-15,Oil & Gas,MW,Madhya Pradesh,2024,4,
2024-05-15,Oil & Gas,MW,Madhya Pradesh,2024,5,
2024-06-15,Oil & Gas,MW,Madhya Pradesh,2024,6,
2024-07-15,Oil & Gas,MW,Madhya Pradesh,2024,7,
2024-08-15,Oil & Gas,MW,Madhya Pradesh,2024,8,
2024-09-15,Oil & Gas,MW,Madhya Pradesh,2024,9,
2024-10-15,Oil & Gas,MW,Madhya Pradesh,2024,10,
2024-11-15,Oil & Gas,MW,Madhya Pradesh,2024,11,
2024-12-15,Oil & Gas,MW,Madhya Pradesh,2024,12,
2025-01-15,Oil & Gas,MW,Madhya Pradesh,2025,1,
2025-02-15,Oil & Gas,MW,Madhya Pradesh,2025,2,
2025-03-15,Oil & Gas,MW,Madhya Pradesh,2025,3,
2025-04-15,Oil & Gas,MW,Madhya Pradesh,2025,4,
2025-05-15,Oil & Gas,MW,Madhya Pradesh,2025,5,
2025-06-15,Oil & Gas,MW,Madhya Pradesh,2025,6,
2025-07-15,Oil & Gas,MW,Madhya Pradesh,2025,7,
2025-08-15,Oil & Gas,MW,Madhya Pradesh,2025,8,
2024-01-15,Nuclear,MW,Madhya Pradesh,2024,1,
2024-02-15,Nuclear,MW,Madhya Pradesh,2024,2,
2024-03-15,Nuclear,MW,Madhya Pradesh,2024,3,
2024-04-15,Nuclear,MW,Madhya Pradesh,2024,4,
2024-05-15,Nuclear,MW,Madhya Pradesh,2024,5,
2024-06-15,Nuclear,MW,Madhya Pradesh,2024,6,
2024-07-15,Nuclear,MW,Madhya Pradesh,2024,7,
2024-08-15,Nuclear,MW,Madhya Pradesh,2024,8,
2024-09-15,Nuclear,MW,Madhya Pradesh,2024,9,
2024-10-15,Nuclear,MW,Madhya Pradesh,2024,10,
2024-11-15,Nuclear,MW,Madhya Pradesh,2024,11,
2024-12-15,Nuclear,MW,Madhya Pradesh,2024,12,
2025-01-15,Nuclear,MW,Madhya Pradesh,2025,1,
2025-02-15,Nuclear,MW,Madhya Pradesh,2025,2,
2025-03-15,Nuclear,MW,Madhya Pradesh,2025,3,
2025-04-15,Nuclear,MW,Madhya Pradesh,2025,4,
2025-05-15,Nuclear,MW,Madhya Pradesh,2025,5,
2025-06-15,Nuclear,MW,Madhya Pradesh,2025,6,
2025-07-15,Nuclear,MW,Madhya Pradesh,2025,7,
2025-08-15,Nuclear,MW,Madhya Pradesh,2025,8,
2024-01-15,Hydro,MW,Madhya Pradesh,2024,1,2235
2024-02-15,Hydro,MW,Madhya Pradesh,2024,2,2235
2024-03-15,Hydro,MW,Madhya Pradesh,2024,3,2235
2024-04-15,Hydro,MW,Madhya Pradesh,2024,4,2235
2024-05-15,Hydro,MW,Madhya Pradesh,2024,5,2235
2024-06-15,Hydro,MW,Madhya Pradesh,2024,6,2235
2024-07-15,Hydro,MW,Madhya Pradesh,2024,7,2235
2024-08-15,Hydro,MW,Madhya Pradesh,2024,8,2235
2024-09-15,Hydro,MW,Madhya Pradesh,2024,9,2235
2024-10-15,Hydro,MW,Madhya Pradesh,2024,10,2235
2024-11-15,Hydro,MW,Madhya Pradesh,2024,11,2235
2024-12-15,Hydro,MW,Madhya Pradesh,2024,12,2235
2025-01-15,Hydro,MW,Madhya Pradesh,2025,1,2235
2025-02-15,Hydro,MW,Madhya Pradesh,2025,2,2235
2025-03-15,Hydro,MW,Madhya Pradesh,2025,3,2235
2025-04-15,Hydro,MW,Madhya Pradesh,2025,4,2235
2025-05-15,Hydro,MW,Madhya Pradesh,2025,5,2235
2025-06-15,Hydro,MW,Madhya Pradesh,2025,6,2235
2025-07-15,Hydro,MW,Madhya Pradesh,2025,7,2235
2025-08-15,Hydro,MW,Madhya Pradesh,2025,8,2235
2024-01-15,Solar,MW,Madhya Pradesh,2024,1,3245.38
2024-02-15,Solar,MW,Madhya Pradesh,2024,2,3295.38
2024-03-15,Solar,MW,Madhya Pradesh,2024,3,3995.43
2024-04-15,Solar,MW,Madhya Pradesh,2024,4,4050.99
2024-05-15,Solar,MW,Madhya Pradesh,2024,5,4063.61
2024-06-15,Solar,MW,Madhya Pradesh,2024,6,4076.92
2024-07-15,Solar,MW,Madhya Pradesh,2024,7,4086.95
2024-08-15,Solar,MW,Madhya Pradesh,2024,8,4128.26
2024-09-15,Solar,MW,Madhya Pradesh,2024,9,4150.68
2024-10-15,Solar,MW,Madhya Pradesh,2024,10,4248.69
2024-11-15,Solar,MW,Madhya Pradesh,2024,11,4910.08
2024-12-15,Solar,MW,Madhya Pradesh,2024,12,4973.58
2025-01-15,Solar,MW,Madhya Pradesh,2025,1,4999.08
2025-02-15,Solar,MW,Madhya Pradesh,2025,2,5012.88
2025-03-15,Solar,MW,Madhya Pradesh,2025,3,5118.38
2025-04-15,Solar,MW,Madhya Pradesh,2025,4,5156.78
2025-05-15,Solar,MW,Madhya Pradesh,2025,5,5265.37
2025-06-15,Solar,MW,Madhya Pradesh,2025,6,5570.07
2025-07-15,Solar,MW,Madhya Pradesh,2025,7,5594.97
2025-08-15,Solar,MW,Madhya Pradesh,2025,8,5638.87
2024-01-15,Wind,MW,Madhya Pradesh,2024,1,2844.29
2024-02-15,Wind,MW,Madhya Pradesh,2024,2,2844.29
2024-03-15,Wind,MW,Madhya Pradesh,2024,3,2844.29
2024-04-15,Wind,MW,Madhya Pradesh,2024,4,2844.29
2024-05-15,Wind,MW,Madhya Pradesh,2024,5,2844.29
2024-06-15,Wind,MW,Madhya Pradesh,2024,6,2844.29
2024-07-15,Wind,MW,Madhya Pradesh,2024,7,2844.29
2024-08-15,Wind,MW,Madhya Pradesh,2024,8,2844.29
2024-09-15,Wind,MW,Madhya Pradesh,2024,9,2844.29
2024-10-15,Wind,MW,Madhya Pradesh,2024,10,2844.29
2024-11-15,Wind,MW,Madhya Pradesh,2024,11,2844.29
2024-12-15,Wind,MW,Madhya Pradesh,2024,12,2844.29
2025-01-15,Wind,MW,Madhya Pradesh,2025,1,2844.29
2025-02-15,Wind,MW,Madhya Pradesh,2025,2,2844.29
2025-03-15,Wind,MW,Madhya Pradesh,2025,3,3195.15
2025-04-15,Wind,MW,Madhya Pradesh,2025,4,3195.15
2025-05-15,Wind,MW,Madhya Pradesh,2025,5,3195.15
2025-06-15,Wind,MW,Madhya Pradesh,2025,6,3195.15
2025-07-15,Wind,MW,Madhya Pradesh,2025,7,3278.15
2025-08-15,Wind,MW,Madhya Pradesh,2025,8,3435.15
2024-01-15,Small-Hydro,MW,Madhya Pradesh,2024,1,123.71
2024-02-15,Small-Hydro,MW,Madhya Pradesh,2024,2,123.71
2024-03-15,Small-Hydro,MW,Madhya Pradesh,2024,3,123.71
2024-04-15,Small-Hydro,MW,Madhya Pradesh,2024,4,123.71
2024-05-15,Small-Hydro,MW,Madhya Pradesh,2024,5,123.71
2024-06-15,Small-Hydro,MW,Madhya Pradesh,2024,6,123.71
2024-07-15,Small-Hydro,MW,Madhya Pradesh,2024,7,123.71
2024-08-15,Small-Hydro,MW,Madhya Pradesh,2024,8,123.71
2024-09-15,Small-Hydro,MW,Madhya Pradesh,2024,9,123.71
2024-10-15,Small-Hydro,MW,Madhya Pradesh,2024,10,123.71
2024-11-15,Small-Hydro,MW,Madhya Pradesh,2024,11,123.71
2024-12-15,Small-Hydro,MW,Madhya Pradesh,2024,12,123.71
2025-01-15,Small-Hydro,MW,Madhya Pradesh,2025,1,123.71
2025-02-15,Small-Hydro,MW,Madhya Pradesh,2025,2,123.71
2025-03-15,Small-Hydro,MW,Madhya Pradesh,2025,3,123.71
2025-04-15,Small-Hydro,MW,Madhya Pradesh,2025,4,123.71
2025-05-15,Small-Hydro,MW,Madhya Pradesh,2025,5,123.71
2025-06-15,Small-Hydro,MW,Madhya Pradesh,2025,6,123.71
2025-07-15,Small-Hydro,MW,Madhya Pradesh,2025,7,123.71
2025-08-15,Small-Hydro,MW,Madhya Pradesh,2025,8,123.71
2024-01-15,Bio Power,MW,Madhya Pradesh,2024,1,134.94
2024-02-15,Bio Power,MW,Madhya Pradesh,2024,2,134.94
2024-03-15,Bio Power,MW,Madhya Pradesh,2024,3,134.94
2024-04-15,Bio Power,MW,Madhya Pradesh,2024,4,134.94
2024-05-15,Bio Power,MW,Madhya Pradesh,2024,5,134.94
2024-06-15,Bio Power,MW,Madhya Pradesh,2024,6,134.94
2024-07-15,Bio Power,MW,Madhya Pradesh,2024,7,134.94
2024-08-15,Bio Power,MW,Madhya Pradesh,2024,8,134.94
2024-09-15,Bio Power,MW,Madhya Pradesh,2024,9,134.94
2024-10-15,Bio Power,MW,Madhya Pradesh,2024,10,134.94
2024-11-15,Bio Power,MW,Madhya Pradesh,2024,11,134.94
2024-12-15,Bio Power,MW,Madhya Pradesh,2024,12,135.36
2025-01-15,Bio Power,MW,Madhya Pradesh,2025,1,139.53
2025-02-15,Bio Power,MW,Madhya Pradesh,2025,2,150.88
2025-03-15,Bio Power,MW,Madhya Pradesh,2025,3,155.46
2025-04-15,Bio Power,MW,Madhya Pradesh,2025,4,155.46
2025-05-15,Bio Power,MW,Madhya Pradesh,2025,5,155.46
2025-06-15,Bio Power,MW,Madhya Pradesh,2025,6,155.46
2025-07-15,Bio Power,MW,Madhya Pradesh,2025,7,155.46
2025-08-15,Bio Power,MW,Madhya Pradesh,2025,8,155.46
2024-01-15,Coal,MW,Maharashtra,2024,1,24006
2024-02-15,Coal,MW,Maharashtra,2024,2,24006
2024-03-15,Coal,MW,Maharashtra,2024,3,24006
2024-04-15,Coal,MW,Maharashtra,2024,4,24006
2024-05-15,Coal,MW,Maharashtra,2024,5,24006
2024-06-15,Coal,MW,Maharashtra,2024,6,24006
2024-07-15,Coal,MW,Maharashtra,2024,7,24006
2024-08-15,Coal,MW,Maharashtra,2024,8,24006
2024-09-15,Coal,MW,Maharashtra,2024,9,24006
2024-10-15,Coal,MW,Maharashtra,2024,10,24006
2024-11-15,Coal,MW,Maharashtra,2024,11,24006
2024-12-15,Coal,MW,Maharashtra,2024,12,24006
2025-01-15,Coal,MW,Maharashtra,2025,1,24006
2025-02-15,Coal,MW,Maharashtra,2025,2,24666
2025-03-15,Coal,MW,Maharashtra,2025,3,24666
2025-04-15,Coal,MW,Maharashtra,2025,4,23316
2025-05-15,Coal,MW,Maharashtra,2025,5,23316
2025-06-15,Coal,MW,Maharashtra,2025,6,23316
2025-07-15,Coal,MW,Maharashtra,2025,7,23316
2025-08-15,Coal,MW,Maharashtra,2025,8,23316
2024-01-15,Oil & Gas,MW,Maharashtra,2024,1,3207.08
2024-02-15,Oil & Gas,MW,Maharashtra,2024,2,3207.08
2024-03-15,Oil & Gas,MW,Maharashtra,2024,3,3207.08
2024-04-15,Oil & Gas,MW,Maharashtra,2024,4,3207.08
2024-05-15,Oil & Gas,MW,Maharashtra,2024,5,3207.08
2024-06-15,Oil & Gas,MW,Maharashtra,2024,6,3207.08
2024-07-15,Oil & Gas,MW,Maharashtra,2024,7,3207.08
2024-08-15,Oil & Gas,MW,Maharashtra,2024,8,3207.08
2024-09-15,Oil & Gas,MW,Maharashtra,2024,9,3207.08
2024-10-15,Oil & Gas,MW,Maharashtra,2024,10,3207.08
2024-11-15,Oil & Gas,MW,Maharashtra,2024,11,3207.08
2024-12-15,Oil & Gas,MW,Maharashtra,2024,12,3207.08
2025-01-15,Oil & Gas,MW,Maharashtra,2025,1,3207.08
2025-02-15,Oil & Gas,MW,Maharashtra,2025,2,3207.08
2025-03-15,Oil & Gas,MW,Maharashtra,2025,3,3207.08
2025-04-15,Oil & Gas,MW,Maharashtra,2025,4,2819.08
2025-05-15,Oil & Gas,MW,Maharashtra,2025,5,2819.08
2025-06-15,Oil & Gas,MW,Maharashtra,2025,6,2819.08
2025-07-15,Oil & Gas,MW,Maharashtra,2025,7,2819.08
2025-08-15,Oil & Gas,MW,Maharashtra,2025,8,2819.08
2024-01-15,Nuclear,MW,Maharashtra,2024,1,1400
2024-02-15,Nuclear,MW,Maharashtra,2024,2,1400
2024-03-15,Nuclear,MW,Maharashtra,2024,3,1400
2024-04-15,Nuclear,MW,Maharashtra,2024,4,1400
2024-05-15,Nuclear,MW,Maharashtra,2024,5,1400
2024-06-15,Nuclear,MW,Maharashtra,2024,6,1400
2024-07-15,Nuclear,MW,Maharashtra,2024,7,1400
2024-08-15,Nuclear,MW,Maharashtra,2024,8,1400
2024-09-15,Nuclear,MW,Maharashtra,2024,9,1400
2024-10-15,Nuclear,MW,Maharashtra,2024,10,1400
2024-11-15,Nuclear,MW,Maharashtra,2024,11,1400
2024-12-15,Nuclear,MW,Maharashtra,2024,12,1400
2025-01-15,Nuclear,MW,Maharashtra,2025,1,1400
2025-02-15,Nuclear,MW,Maharashtra,2025,2,1400
2025-03-15,Nuclear,MW,Maharashtra,2025,3,1400
2025-04-15,Nuclear,MW,Maharashtra,2025,4,1400
2025-05-15,Nuclear,MW,Maharashtra,2025,5,1400
2025-06-15,Nuclear,MW,Maharashtra,2025,6,1400
2025-07-15,Nuclear,MW,Maharashtra,2025,7,1400
2025-08-15,Nuclear,MW,Maharashtra,2025,8,1400
2024-01-15,Hydro,MW,Maharashtra,2024,1,3047
2024-02-15,Hydro,MW,Maharashtra,2024,2,3047
2024-03-15,Hydro,MW,Maharashtra,2024,3,3047
2024-04-15,Hydro,MW,Maharashtra,2024,4,3047
2024-05-15,Hydro,MW,Maharashtra,2024,5,3047
2024-06-15,Hydro,MW,Maharashtra,2024,6,3047
2024-07-15,Hydro,MW,Maharashtra,2024,7,3047
2024-08-15,Hydro,MW,Maharashtra,2024,8,3047
2024-09-15,Hydro,MW,Maharashtra,2024,9,3047
2024-10-15,Hydro,MW,Maharashtra,2024,10,3047
2024-11-15,Hydro,MW,Maharashtra,2024,11,3047
2024-12-15,Hydro,MW,Maharashtra,2024,12,3047
2025-01-15,Hydro,MW,Maharashtra,2025,1,3047
2025-02-15,Hydro,MW,Maharashtra,2025,2,3047
2025-03-15,Hydro,MW,Maharashtra,2025,3,3047
2025-04-15,Hydro,MW,Maharashtra,2025,4,3047
2025-05-15,Hydro,MW,Maharashtra,2025,5,3047
2025-06-15,Hydro,MW,Maharashtra,2025,6,3047
2025-07-15,Hydro,MW,Maharashtra,2025,7,3047
2025-08-15,Hydro,MW,Maharashtra,2025,8,3047
2024-01-15,Solar,MW,Maharashtra,2024,1,5704.55
2024-02-15,Solar,MW,Maharashtra,2024,2,5713.85
2024-03-15,Solar,MW,Maharashtra,2024,3,6249.67
2024-04-15,Solar,MW,Maharashtra,2024,4,6308.41
2024-05-15,Solar,MW,Maharashtra,2024,5,6389.48
2024-06-15,Solar,MW,Maharashtra,2024,6,6591.41
2024-07-15,Solar,MW,Maharashtra,2024,7,7156.68
2024-08-15,Solar,MW,Maharashtra,2024,8,7383.34
2024-09-15,Solar,MW,Maharashtra,2024,9,7500.74
2024-10-15,Solar,MW,Maharashtra,2024,10,8133.57
2024-11-15,Solar,MW,Maharashtra,2024,11,8363.55
2024-12-15,Solar,MW,Maharashtra,2024,12,8989.36
2025-01-15,Solar,MW,Maharashtra,2025,1,9337.04
2025-02-15,Solar,MW,Maharashtra,2025,2,9881.37
2025-03-15,Solar,MW,Maharashtra,2025,3,10687.27
2025-04-15,Solar,MW,Maharashtra,2025,4,11151.53
2025-05-15,Solar,MW,Maharashtra,2025,5,11827.63
2025-06-15,Solar,MW,Maharashtra,2025,6,12575.27
2025-07-15,Solar,MW,Maharashtra,2025,7,13336.82
2025-08-15,Solar,MW,Maharashtra,2025,8,15005.25
2024-01-15,Wind,MW,Maharashtra,2024,1,5157.98
2024-02-15,Wind,MW,Maharashtra,2024,2,5195.38
2024-03-15,Wind,MW,Maharashtra,2024,3,5207.98
2024-04-15,Wind,MW,Maharashtra,2024,4,5212.18
2024-05-15,Wind,MW,Maharashtra,2024,5,5212.18
2024-06-15,Wind,MW,Maharashtra,2024,6,5212.18
2024-07-15,Wind,MW,Maharashtra,2024,7,5212.18
2024-08-15,Wind,MW,Maharashtra,2024,8,5212.18
2024-09-15,Wind,MW,Maharashtra,2024,9,5214.28
2024-10-15,Wind,MW,Maharashtra,2024,10,5216.38
2024-11-15,Wind,MW,Maharashtra,2024,11,5216.38
2024-12-15,Wind,MW,Maharashtra,2024,12,5216.38
2025-01-15,Wind,MW,Maharashtra,2025,1,5226.28
2025-02-15,Wind,MW,Maharashtra,2025,2,5279.08
2025-03-15,Wind,MW,Maharashtra,2025,3,5284.61
2025-04-15,Wind,MW,Maharashtra,2025,4,5284.61
2025-05-15,Wind,MW,Maharashtra,2025,5,5291.21
2025-06-15,Wind,MW,Maharashtra,2025,6,5307.71
2025-07-15,Wind,MW,Maharashtra,2025,7,5358.71
2025-08-15,Wind,MW,Maharashtra,2025,8,5494.31
2024-01-15,Small-Hydro,MW,Maharashtra,2024,1,382.28
2024-02-15,Small-Hydro,MW,Maharashtra,2024,2,382.28
2024-03-15,Small-Hydro,MW,Maharashtra,2024,3,382.28
2024-04-15,Small-Hydro,MW,Maharashtra,2024,4,384.28
2024-05-15,Small-Hydro,MW,Maharashtra,2024,5,384.28
2024-06-15,Small-Hydro,MW,Maharashtra,2024,6,384.28
2024-07-15,Small-Hydro,MW,Maharashtra,2024,7,384.28
2024-08-15,Small-Hydro,MW,Maharashtra,2024,8,384.28
2024-09-15,Small-Hydro,MW,Maharashtra,2024,9,384.28
2024-10-15,Small-Hydro,MW,Maharashtra,2024,10,384.28
2024-11-15,Small-Hydro,MW,Maharashtra,2024,11,384.28
2024-12-15,Small-Hydro,MW,Maharashtra,2024,12,384.28
2025-01-15,Small-Hydro,MW,Maharashtra,2025,1,384.28
2025-02-15,Small-Hydro,MW,Maharashtra,2025,2,384.28
2025-03-15,Small-Hydro,MW,Maharashtra,2025,3,384.28
2025-04-15,Small-Hydro,MW,Maharashtra,2025,4,384.28
2025-05-15,Small-Hydro,MW,Maharashtra,2025,5,384.28
2025-06-15,Small-Hydro,MW,Maharashtra,2025,6,384.28
2025-07-15,Small-Hydro,MW,Maharashtra,2025,7,384.28
2025-08-15,Small-Hydro,MW,Maharashtra,2025,8,384.28
2024-01-15,Bio Power,MW,Maharashtra,2024,1,2643.19
2024-02-15,Bio Power,MW,Maharashtra,2024,2,2643.19
2024-03-15,Bio Power,MW,Maharashtra,2024,3,2643.19
2024-04-15,Bio Power,MW,Maharashtra,2024,4,2643.19
2024-05-15,Bio Power,MW,Maharashtra,2024,5,2643.19
2024-06-15,Bio Power,MW,Maharashtra,2024,6,2644.75
2024-07-15,Bio Power,MW,Maharashtra,2024,7,2644.75
2024-08-15,Bio Power,MW,Maharashtra,2024,8,2644.75
2024-09-15,Bio Power,MW,Maharashtra,2024,9,2984.05
2024-10-15,Bio Power,MW,Maharashtra,2024,10,2984.05
2024-11-15,Bio Power,MW,Maharashtra,2024,11,2984.05
2024-12-15,Bio Power,MW,Maharashtra,2024,12,2984.05
2025-01-15,Bio Power,MW,Maharashtra,2025,1,2988.22
2025-02-15,Bio Power,MW,Maharashtra,2025,2,2992.57
2025-03-15,Bio Power,MW,Maharashtra,2025,3,2998.3
2025-04-15,Bio Power,MW,Maharashtra,2025,4,2998.3
2025-05-15,Bio Power,MW,Maharashtra,2025,5,2998.3
2025-06-15,Bio Power,MW,Maharashtra,2025,6,2998.3
2025-07-15,Bio Power,MW,Maharashtra,2025,7,2998.3
2025-08-15,Bio Power,MW,Maharashtra,2025,8,2998.3
2024-01-15,Coal,MW,Gujarat,2024,1,16092
2024-02-15,Coal,MW,Gujarat,2024,2,16092
2024-03-15,Coal,MW,Gujarat,2024,3,16092
2024-04-15,Coal,MW,Gujarat,2024,4,16092
2024-05-15,Coal,MW,Gujarat,2024,5,16092
2024-06-15,Coal,MW,Gujarat,2024,6,16092
2024-07-15,Coal,MW,Gujarat,2024,7,16092
2024-08-15,Coal,MW,Gujarat,2024,8,16092
2024-09-15,Coal,MW,Gujarat,2024,9,16092
2024-10-15,Coal,MW,Gujarat,2024,10,16092
2024-11-15,Coal,MW,Gujarat,2024,11,16092
2024-12-15,Coal,MW,Gujarat,2024,12,16092
2025-01-15,Coal,MW,Gujarat,2025,1,16092
2025-02-15,Coal,MW,Gujarat,2025,2,16092
2025-03-15,Coal,MW,Gujarat,2025,3,16092
2025-04-15,Coal,MW,Gujarat,2025,4,16092
2025-05-15,Coal,MW,Gujarat,2025,5,16092
2025-06-15,Coal,MW,Gujarat,2025,6,16092
2025-07-15,Coal,MW,Gujarat,2025,7,16092
2025-08-15,Coal,MW,Gujarat,2025,8,16092
2024-01-15,Oil & Gas,MW,Gujarat,2024,1,7551.41
2024-02-15,Oil & Gas,MW,Gujarat,2024,2,7551.41
2024-03-15,Oil & Gas,MW,Gujarat,2024,3,7551.41
2024-04-15,Oil & Gas,MW,Gujarat,2024,4,7551.41
2024-05-15,Oil & Gas,MW,Gujarat,2024,5,7551.41
2024-06-15,Oil & Gas,MW,Gujarat,2024,6,7551.41
2024-07-15,Oil & Gas,MW,Gujarat,2024,7,7551.41
2024-08-15,Oil & Gas,MW,Gujarat,2024,8,7551.41
2024-09-15,Oil & Gas,MW,Gujarat,2024,9,7551.41
2024-10-15,Oil & Gas,MW,Gujarat,2024,10,7551.41
2024-11-15,Oil & Gas,MW,Gujarat,2024,11,7551.41
2024-12-15,Oil & Gas,MW,Gujarat,2024,12,7551.41
2025-01-15,Oil & Gas,MW,Gujarat,2025,1,7551.41
2025-02-15,Oil & Gas,MW,Gujarat,2025,2,7551.41
2025-03-15,Oil & Gas,MW,Gujarat,2025,3,6896.41
2025-04-15,Oil & Gas,MW,Gujarat,2025,4,6580.31
2025-05-15,Oil & Gas,MW,Gujarat,2025,5,6580.31
2025-06-15,Oil & Gas,MW,Gujarat,2025,6,6580.31
2025-07-15,Oil & Gas,MW,Gujarat,2025,7,6580.31
2025-08-15,Oil & Gas,MW,Gujarat,2025,8,6580.31
2024-01-15,Nuclear,MW,Gujarat,2024,1,1140
2024-02-15,Nuclear,MW,Gujarat,2024,2,1140
2024-03-15,Nuclear,MW,Gujarat,2024,3,1840
2024-04-15,Nuclear,MW,Gujarat,2024,4,1840
2024-05-15,Nuclear,MW,Gujarat,2024,5,1840
2024-06-15,Nuclear,MW,Gujarat,2024,6,1840
2024-07-15,Nuclear,MW,Gujarat,2024,7,1840
2024-08-15,Nuclear,MW,Gujarat,2024,8,1840
2024-09-15,Nuclear,MW,Gujarat,2024,9,1840
2024-10-15,Nuclear,MW,Gujarat,2024,10,1840
2024-11-15,Nuclear,MW,Gujarat,2024,11,1840
2024-12-15,Nuclear,MW,Gujarat,2024,12,1840
2025-01-15,Nuclear,MW,Gujarat,2025,1,1840
2025-02-15,Nuclear,MW,Gujarat,2025,2,1840
2025-03-15,Nuclear,MW,Gujarat,2025,3,1840
2025-04-15,Nuclear,MW,Gujarat,2025,4,1840
2025-05-15,Nuclear,MW,Gujarat,2025,5,1840
2025-06-15,Nuclear,MW,Gujarat,2025,6,1840
2025-07-15,Nuclear,MW,Gujarat,2025,7,1840
2025-08-15,Nuclear,MW,Gujarat,2025,8,1840
2024-01-15,Hydro,MW,Gujarat,2024,1,1990
2024-02-15,Hydro,MW,Gujarat,2024,2,1990
2024-03-15,Hydro,MW,Gujarat,2024,3,1990
2024-04-15,Hydro,MW,Gujarat,2024,4,1990
2024-05-15,Hydro,MW,Gujarat,2024,5,1990
2024-06-15,Hydro,MW,Gujarat,2024,6,1990
2024-07-15,Hydro,MW,Gujarat,2024,7,1990
2024-08-15,Hydro,MW,Gujarat,2024,8,1990
2024-09-15,Hydro,MW,Gujarat,2024,9,1990
2024-10-15,Hydro,MW,Gujarat,2024,10,1990
2024-11-15,Hydro,MW,Gujarat,2024,11,1990
2024-12-15,Hydro,MW,Gujarat,2024,12,1990
2025-01-15,Hydro,MW,Gujarat,2025,1,1990
2025-02-15,Hydro,MW,Gujarat,2025,2,1990
2025-03-15,Hydro,MW,Gujarat,2025,3,1990
2025-04-15,Hydro,MW,Gujarat,2025,4,1990
2025-05-15,Hydro,MW,Gujarat,2025,5,1990
2025-06-15,Hydro,MW,Gujarat,2025,6,1990
2025-07-15,Hydro,MW,Gujarat,2025,7,1990
2025-08-15,Hydro,MW,Gujarat,2025,8,1990
2024-01-15,Solar,MW,Gujarat,2024,1,10548.72
2024-02-15,Solar,MW,Gujarat,2024,2,10760.97
2024-03-15,Solar,MW,Gujarat,2024,3,13544.88
2024-04-15,Solar,MW,Gujarat,2024,4,13797.24
2024-05-15,Solar,MW,Gujarat,2024,5,14182.98
2024-06-15,Solar,MW,Gujarat,2024,6,14358.61
2024-07-15,Solar,MW,Gujarat,2024,7,14572.11
2024-08-15,Solar,MW,Gujarat,2024,8,14745.21
2024-09-15,Solar,MW,Gujarat,2024,9,15120.73
2024-10-15,Solar,MW,Gujarat,2024,10,15305.26
2024-11-15,Solar,MW,Gujarat,2024,11,15936.11
2024-12-15,Solar,MW,Gujarat,2024,12,16795.77
2025-01-15,Solar,MW,Gujarat,2025,1,17579.8
2025-02-15,Solar,MW,Gujarat,2025,2,18125.41
2025-03-15,Solar,MW,Gujarat,2025,3,18496.66
2025-04-15,Solar,MW,Gujarat,2025,4,19421.89
2025-05-15,Solar,MW,Gujarat,2025,5,20093.26
2025-06-15,Solar,MW,Gujarat,2025,6,21451.33
2025-07-15,Solar,MW,Gujarat,2025,7,21904.55
2025-08-15,Solar,MW,Gujarat,2025,8,22806.78
2024-01-15,Wind,MW,Gujarat,2024,1,11223.82
2024-02-15,Wind,MW,Gujarat,2024,2,11249.02
2024-03-15,Wind,MW,Gujarat,2024,3,11722.72
2024-04-15,Wind,MW,Gujarat,2024,4,11783.62
2024-05-15,Wind,MW,Gujarat,2024,5,11822.98
2024-06-15,Wind,MW,Gujarat,2024,6,11852.68
2024-07-15,Wind,MW,Gujarat,2024,7,12132.78
2024-08-15,Wind,MW,Gujarat,2024,8,12163.28
2024-09-15,Wind,MW,Gujarat,2024,9,12209.18
2024-10-15,Wind,MW,Gujarat,2024,10,12314.48
2024-11-15,Wind,MW,Gujarat,2024,11,12368.48
2024-12-15,Wind,MW,Gujarat,2024,12,12473.78
2025-01-15,Wind,MW,Gujarat,2025,1,12509.98
2025-02-15,Wind,MW,Gujarat,2025,2,12583.88
2025-03-15,Wind,MW,Gujarat,2025,3,12677.48
2025-04-15,Wind,MW,Gujarat,2025,4,13514.68
2025-05-15,Wind,MW,Gujarat,2025,5,13624.78
2025-06-15,Wind,MW,Gujarat,2025,6,13816.68
2025-07-15,Wind,MW,Gujarat,2025,7,14081.48
2025-08-15,Wind,MW,Gujarat,2025,8,14235.73
2024-01-15,Small-Hydro,MW,Gujarat,2024,1,91.64
2024-02-15,Small-Hydro,MW,Gujarat,2024,2,91.64
2024-03-15,Small-Hydro,MW,Gujarat,2024,3,91.64
2024-04-15,Small-Hydro,MW,Gujarat,2024,4,91.64
2024-05-15,Small-Hydro,MW,Gujarat,2024,5,91.64
2024-06-15,Small-Hydro,MW,Gujarat,2024,6,91.64
2024-07-15,Small-Hydro,MW,Gujarat,2024,7,91.64
2024-08-15,Small-Hydro,MW,Gujarat,2024,8,91.64
2024-09-15,Small-Hydro,MW,Gujarat,2024,9,91.64
2024-10-15,Small-Hydro,MW,Gujarat,2024,10,91.64
2024-11-15,Small-Hydro,MW,Gujarat,2024,11,91.64
2024-12-15,Small-Hydro,MW,Gujarat,2024,12,106.64
2025-01-15,Small-Hydro,MW,Gujarat,2025,1,106.64
2025-02-15,Small-Hydro,MW,Gujarat,2025,2,106.64
2025-03-15,Small-Hydro,MW,Gujarat,2025,3,106.64
2025-04-15,Small-Hydro,MW,Gujarat,2025,4,106.64
2025-05-15,Small-Hydro,MW,Gujarat,2025,5,106.64
2025-06-15,Small-Hydro,MW,Gujarat,2025,6,106.64
2025-07-15,Small-Hydro,MW,Gujarat,2025,7,113.3
2025-08-15,Small-Hydro,MW,Gujarat,2025,8,113.3
2024-01-15,Bio Power,MW,Gujarat,2024,1,112.48
2024-02-15,Bio Power,MW,Gujarat,2024,2,112.48
2024-03-15,Bio Power,MW,Gujarat,2024,3,112.48
2024-04-15,Bio Power,MW,Gujarat,2024,4,112.48
2024-05-15,Bio Power,MW,Gujarat,2024,5,112.48
2024-06-15,Bio Power,MW,Gujarat,2024,6,112.98
2024-07-15,Bio Power,MW,Gujarat,2024,7,112.98
2024-08-15,Bio Power,MW,Gujarat,2024,8,112.98
2024-09-15,Bio Power,MW,Gujarat,2024,9,112.98
2024-10-15,Bio Power,MW,Gujarat,2024,10,112.98
2024-11-15,Bio Power,MW,Gujarat,2024,11,116.6
2024-12-15,Bio Power,MW,Gujarat,2024,12,116.6
2025-01-15,Bio Power,MW,Gujarat,2025,1,116.6
2025-02-15,Bio Power,MW,Gujarat,2025,2,118.1
2025-03-15,Bio Power,MW,Gujarat,2025,3,122.25
2025-04-15,Bio Power,MW,Gujarat,2025,4,129.85
2025-05-15,Bio Power,MW,Gujarat,2025,5,129.85
2025-06-15,Bio Power,MW,Gujarat,2025,6,129.85
2025-07-15,Bio Power,MW,Gujarat,2025,7,129.85
2025-08-15,Bio Power,MW,Gujarat,2025,8,129.85
2024-01-15,Coal,MW,Dadra and Nagar Haveli and Daman and Diu,2024,1,
2024-02-15,Coal,MW,Dadra and Nagar Haveli and Daman and Diu,2024,2,
2024-03-15,Coal,MW,Dadra and Nagar Haveli and Daman and Diu,2024,3,
2024-04-15,Coal,MW,Dadra and Nagar Haveli and Daman and Diu,2024,4,
2024-05-15,Coal,MW,Dadra and Nagar Haveli and Daman and Diu,2024,5,
2024-06-15,Coal,MW,Dadra and Nagar Haveli and Daman and Diu,2024,6,
2024-07-15,Coal,MW,Dadra and Nagar Haveli and Daman and Diu,2024,7,
2024-08-15,Coal,MW,Dadra and Nagar Haveli and Daman and Diu,2024,8,
2024-09-15,Coal,MW,Dadra and Nagar Haveli and Daman and Diu,2024,9,
2024-10-15,Coal,MW,Dadra and Nagar Haveli and Daman and Diu,2024,10,
2024-11-15,Coal,MW,Dadra and Nagar Haveli and Daman and Diu,2024,11,
2024-12-15,Coal,MW,Dadra and Nagar Haveli and Daman and Diu,2024,12,
2025-01-15,Coal,MW,Dadra and Nagar Haveli and Daman and Diu,2025,1,
2025-02-15,Coal,MW,Dadra and Nagar Haveli and Daman and Diu,2025,2,
2025-03-15,Coal,MW,Dadra and Nagar Haveli and Daman and Diu,2025,3,
2025-04-15,Coal,MW,Dadra and Nagar Haveli and Daman and Diu,2025,4,
2025-05-15,Coal,MW,Dadra and Nagar Haveli and Daman and Diu,2025,5,
2025-06-15,Coal,MW,Dadra and Nagar Haveli and Daman and Diu,2025,6,
2025-07-15,Coal,MW,Dadra and Nagar Haveli and Daman and Diu,2025,7,
2025-08-15,Coal,MW,Dadra and Nagar Haveli and Daman and Diu,2025,8,
2024-01-15,Oil & Gas,MW,Dadra and Nagar Haveli and Daman and Diu,2024,1,
2024-02-15,Oil & Gas,MW,Dadra and Nagar Haveli and Daman and Diu,2024,2,
2024-03-15,Oil & Gas,MW,Dadra and Nagar Haveli and Daman and Diu,2024,3,
2024-04-15,Oil & Gas,MW,Dadra and Nagar Haveli and Daman and Diu,2024,4,
2024-05-15,Oil & Gas,MW,Dadra and Nagar Haveli and Daman and Diu,2024,5,
2024-06-15,Oil & Gas,MW,Dadra and Nagar Haveli and Daman and Diu,2024,6,
2024-07-15,Oil & Gas,MW,Dadra and Nagar Haveli and Daman and Diu,2024,7,
2024-08-15,Oil & Gas,MW,Dadra and Nagar Haveli and Daman and Diu,2024,8,
2024-09-15,Oil & Gas,MW,Dadra and Nagar Haveli and Daman and Diu,2024,9,
2024-10-15,Oil & Gas,MW,Dadra and Nagar Haveli and Daman and Diu,2024,10,
2024-11-15,Oil & Gas,MW,Dadra and Nagar Haveli and Daman and Diu,2024,11,
2024-12-15,Oil & Gas,MW,Dadra and Nagar Haveli and Daman and Diu,2024,12,
2025-01-15,Oil & Gas,MW,Dadra and Nagar Haveli and Daman and Diu,2025,1,
2025-02-15,Oil & Gas,MW,Dadra and Nagar Haveli and Daman and Diu,2025,2,
2025-03-15,Oil & Gas,MW,Dadra and Nagar Haveli and Daman and Diu,2025,3,
2025-04-15,Oil & Gas,MW,Dadra and Nagar Haveli and Daman and Diu,2025,4,
2025-05-15,Oil & Gas,MW,Dadra and Nagar Haveli and Daman and Diu,2025,5,
2025-06-15,Oil & Gas,MW,Dadra and Nagar Haveli and Daman and Diu,2025,6,
2025-07-15,Oil & Gas,MW,Dadra and Nagar Haveli and Daman and Diu,2025,7,
2025-08-15,Oil & Gas,MW,Dadra and Nagar Haveli and Daman and Diu,2025,8,
2024-01-15,Nuclear,MW,Dadra and Nagar Haveli and Daman and Diu,2024,1,
2024-02-15,Nuclear,MW,Dadra and Nagar Haveli and Daman and Diu,2024,2,
2024-03-15,Nuclear,MW,Dadra and Nagar Haveli and Daman and Diu,2024,3,
2024-04-15,Nuclear,MW,Dadra and Nagar Haveli and Daman and Diu,2024,4,
2024-05-15,Nuclear,MW,Dadra and Nagar Haveli and Daman and Diu,2024,5,
2024-06-15,Nuclear,MW,Dadra and Nagar Haveli and Daman and Diu,2024,6,
2024-07-15,Nuclear,MW,Dadra and Nagar Haveli and Daman and Diu,2024,7,
2024-08-15,Nuclear,MW,Dadra and Nagar Haveli and Daman and Diu,2024,8,
2024-09-15,Nuclear,MW,Dadra and Nagar Haveli and Daman and Diu,2024,9,
2024-10-15,Nuclear,MW,Dadra and Nagar Haveli and Daman and Diu,2024,10,
2024-11-15,Nuclear,MW,Dadra and Nagar Haveli and Daman and Diu,2024,11,
2024-12-15,Nuclear,MW,Dadra and Nagar Haveli and Daman and Diu,2024,12,
2025-01-15,Nuclear,MW,Dadra and Nagar Haveli and Daman and Diu,2025,1,
2025-02-15,Nuclear,MW,Dadra and Nagar Haveli and Daman and Diu,2025,2,
2025-03-15,Nuclear,MW,Dadra and Nagar Haveli and Daman and Diu,2025,3,
2025-04-15,Nuclear,MW,Dadra and Nagar Haveli and Daman and Diu,2025,4,
2025-05-15,Nuclear,MW,Dadra and Nagar Haveli and Daman and Diu,2025,5,
2025-06-15,Nuclear,MW,Dadra and Nagar Haveli and Daman and Diu,2025,6,
2025-07-15,Nuclear,MW,Dadra and Nagar Haveli and Daman and Diu,2025,7,
2025-08-15,Nuclear,MW,Dadra and Nagar Haveli and Daman and Diu,2025,8,
2024-01-15,Hydro,MW,Dadra and Nagar Haveli and Daman and Diu,2024,1,
2024-02-15,Hydro,MW,Dadra and Nagar Haveli and Daman and Diu,2024,2,
2024-03-15,Hydro,MW,Dadra and Nagar Haveli and Daman and Diu,2024,3,
2024-04-15,Hydro,MW,Dadra and Nagar Haveli and Daman and Diu,2024,4,
2024-05-15,Hydro,MW,Dadra and Nagar Haveli and Daman and Diu,2024,5,
2024-06-15,Hydro,MW,Dadra and Nagar Haveli and Daman and Diu,2024,6,
2024-07-15,Hydro,MW,Dadra and Nagar Haveli and Daman and Diu,2024,7,
2024-08-15,Hydro,MW,Dadra and Nagar Haveli and Daman and Diu,2024,8,
2024-09-15,Hydro,MW,Dadra and Nagar Haveli and Daman and Diu,2024,9,
2024-10-15,Hydro,MW,Dadra and Nagar Haveli and Daman and Diu,2024,10,
2024-11-15,Hydro,MW,Dadra and Nagar Haveli and Daman and Diu,2024,11,
2024-12-15,Hydro,MW,Dadra and Nagar Haveli and Daman and Diu,2024,12,
2025-01-15,Hydro,MW,Dadra and Nagar Haveli and Daman and Diu,2025,1,
2025-02-15,Hydro,MW,Dadra and Nagar Haveli and Daman and Diu,2025,2,
2025-03-15,Hydro,MW,Dadra and Nagar Haveli and Daman and Diu,2025,3,
2025-04-15,Hydro,MW,Dadra and Nagar Haveli and Daman and Diu,2025,4,
2025-05-15,Hydro,MW,Dadra and Nagar Haveli and Daman and Diu,2025,5,
2025-06-15,Hydro,MW,Dadra and Nagar Haveli and Daman and Diu,2025,6,
2025-07-15,Hydro,MW,Dadra and Nagar Haveli and Daman and Diu,2025,7,
2025-08-15,Hydro,MW,Dadra and Nagar Haveli and Daman and Diu,2025,8,
2024-01-15,Solar,MW,Dadra and Nagar Haveli and Daman and Diu,2024,1,46.47
2024-02-15,Solar,MW,Dadra and Nagar Haveli and Daman and Diu,2024,2,46.47
2024-03-15,Solar,MW,Dadra and Nagar Haveli and Daman and Diu,2024,3,46.47
2024-04-15,Solar,MW,Dadra and Nagar Haveli and Daman and Diu,2024,4,46.46
2024-05-15,Solar,MW,Dadra and Nagar Haveli and Daman and Diu,2024,5,46.46
2024-06-15,Solar,MW,Dadra and Nagar Haveli and Daman and Diu,2024,6,46.46
2024-07-15,Solar,MW,Dadra and Nagar Haveli and Daman and Diu,2024,7,46.46
2024-08-15,Solar,MW,Dadra and Nagar Haveli and Daman and Diu,2024,8,46.46
2024-09-15,Solar,MW,Dadra and Nagar Haveli and Daman and Diu,2024,9,48.12
2024-10-15,Solar,MW,Dadra and Nagar Haveli and Daman and Diu,2024,10,48.12
2024-11-15,Solar,MW,Dadra and Nagar Haveli and Daman and Diu,2024,11,48.12
2024-12-15,Solar,MW,Dadra and Nagar Haveli and Daman and Diu,2024,12,48.12
2025-01-15,Solar,MW,Dadra and Nagar Haveli and Daman and Diu,2025,1,48.12
2025-02-15,Solar,MW,Dadra and Nagar Haveli and Daman and Diu,2025,2,48.12
2025-03-15,Solar,MW,Dadra and Nagar Haveli and Daman and Diu,2025,3,48.12
2025-04-15,Solar,MW,Dadra and Nagar Haveli and Daman and Diu,2025,4,48.12
2025-05-15,Solar,MW,Dadra and Nagar Haveli and Daman and Diu,2025,5,97.9
2025-06-15,Solar,MW,Dadra and Nagar Haveli and Daman and Diu,2025,6,97.9
2025-07-15,Solar,MW,Dadra and Nagar Haveli and Daman and Diu,2025,7,119.9
2025-08-15,Solar,MW,Dadra and Nagar Haveli and Daman and Diu,2025,8,129.4
2024-01-15,Wind,MW,Dadra and Nagar Haveli and Daman and Diu,2024,1,
2024-02-15,Wind,MW,Dadra and Nagar Haveli and Daman and Diu,2024,2,
2024-03-15,Wind,MW,Dadra and Nagar Haveli and Daman and Diu,2024,3,
2024-04-15,Wind,MW,Dadra and Nagar Haveli and Daman and Diu,2024,4,
2024-05-15,Wind,MW,Dadra and Nagar Haveli and Daman and Diu,2024,5,
2024-06-15,Wind,MW,Dadra and Nagar Haveli and Daman and Diu,2024,6,
2024-07-15,Wind,MW,Dadra and Nagar Haveli and Daman and Diu,2024,7,
2024-08-15,Wind,MW,Dadra and Nagar Haveli and Daman and Diu,2024,8,
2024-09-15,Wind,MW,Dadra and Nagar Haveli and Daman and Diu,2024,9,
2024-10-15,Wind,MW,Dadra and Nagar Haveli and Daman and Diu,2024,10,
2024-11-15,Wind,MW,Dadra and Nagar Haveli and Daman and Diu,2024,11,
2024-12-15,Wind,MW,Dadra and Nagar Haveli and Daman and Diu,2024,12,
2025-01-15,Wind,MW,Dadra and Nagar Haveli and Daman and Diu,2025,1,
2025-02-15,Wind,MW,Dadra and Nagar Haveli and Daman and Diu,2025,2,
2025-03-15,Wind,MW,Dadra and Nagar Haveli and Daman and Diu,2025,3,
2025-04-15,Wind,MW,Dadra and Nagar Haveli and Daman and Diu,2025,4,
2025-05-15,Wind,MW,Dadra and Nagar Haveli and Daman and Diu,2025,5,
2025-06-15,Wind,MW,Dadra and Nagar Haveli and Daman and Diu,2025,6,
2025-07-15,Wind,MW,Dadra and Nagar Haveli and Daman and Diu,2025,7,
2025-08-15,Wind,MW,Dadra and Nagar Haveli and Daman and Diu,2025,8,
2024-01-15,Small-Hydro,MW,Dadra and Nagar Haveli and Daman and Diu,2024,1,
2024-02-15,Small-Hydro,MW,Dadra and Nagar Haveli and Daman and Diu,2024,2,
2024-03-15,Small-Hydro,MW,Dadra and Nagar Haveli and Daman and Diu,2024,3,
2024-04-15,Small-Hydro,MW,Dadra and Nagar Haveli and Daman and Diu,2024,4,
2024-05-15,Small-Hydro,MW,Dadra and Nagar Haveli and Daman and Diu,2024,5,
2024-06-15,Small-Hydro,MW,Dadra and Nagar Haveli and Daman and Diu,2024,6,
2024-07-15,Small-Hydro,MW,Dadra and Nagar Haveli and Daman and Diu,2024,7,
2024-08-15,Small-Hydro,MW,Dadra and Nagar Haveli and Daman and Diu,2024,8,
2024-09-15,Small-Hydro,MW,Dadra and Nagar Haveli and Daman and Diu,2024,9,
2024-10-15,Small-Hydro,MW,Dadra and Nagar Haveli and Daman and Diu,2024,10,
2024-11-15,Small-Hydro,MW,Dadra and Nagar Haveli and Daman and Diu,2024,11,
2024-12-15,Small-Hydro,MW,Dadra and Nagar Haveli and Daman and Diu,2024,12,
2025-01-15,Small-Hydro,MW,Dadra and Nagar Haveli and Daman and Diu,2025,1,
2025-02-15,Small-Hydro,MW,Dadra and Nagar Haveli and Daman and Diu,2025,2,
2025-03-15,Small-Hydro,MW,Dadra and Nagar Haveli and Daman and Diu,2025,3,
2025-04-15,Small-Hydro,MW,Dadra and Nagar Haveli and Daman and Diu,2025,4,
2025-05-15,Small-Hydro,MW,Dadra and Nagar Haveli and Daman and Diu,2025,5,
2025-06-15,Small-Hydro,MW,Dadra and Nagar Haveli and Daman and Diu,2025,6,
2025-07-15,Small-Hydro,MW,Dadra and Nagar Haveli and Daman and Diu,2025,7,
2025-08-15,Small-Hydro,MW,Dadra and Nagar Haveli and Daman and Diu,2025,8,
2024-01-15,Bio Power,MW,Dadra and Nagar Haveli and Daman and Diu,2024,1,
2024-02-15,Bio Power,MW,Dadra and Nagar Haveli and Daman and Diu,2024,2,
2024-03-15,Bio Power,MW,Dadra and Nagar Haveli and Daman and Diu,2024,3,
2024-04-15,Bio Power,MW,Dadra and Nagar Haveli and Daman and Diu,2024,4,
2024-05-15,Bio Power,MW,Dadra and Nagar Haveli and Daman and Diu,2024,5,
2024-06-15,Bio Power,MW,Dadra and Nagar Haveli and Daman and Diu,2024,6,
2024-07-15,Bio Power,MW,Dadra and Nagar Haveli and Daman and Diu,2024,7,
2024-08-15,Bio Power,MW,Dadra and Nagar Haveli and Daman and Diu,2024,8,
2024-09-15,Bio Power,MW,Dadra and Nagar Haveli and Daman and Diu,2024,9,
2024-10-15,Bio Power,MW,Dadra and Nagar Haveli and Daman and Diu,2024,10,3.75
2024-11-15,Bio Power,MW,Dadra and Nagar Haveli and Daman and Diu,2024,11,3.75
2024-12-15,Bio Power,MW,Dadra and Nagar Haveli and Daman and Diu,2024,12,3.75
2025-01-15,Bio Power,MW,Dadra and Nagar Haveli and Daman and Diu,2025,1,3.75
2025-02-15,Bio Power,MW,Dadra and Nagar Haveli and Daman and Diu,2025,2,3.75
2025-03-15,Bio Power,MW,Dadra and Nagar Haveli and Daman and Diu,2025,3,3.75
2025-04-15,Bio Power,MW,Dadra and Nagar Haveli and Daman and Diu,2025,4,3.75
2025-05-15,Bio Power,MW,Dadra and Nagar Haveli and Daman and Diu,2025,5,3.75
2025-06-15,Bio Power,MW,Dadra and Nagar Haveli and Daman and Diu,2025,6,3.75
2025-07-15,Bio Power,MW,Dadra and Nagar Haveli and Daman and Diu,2025,7,3.75
2025-08-15,Bio Power,MW,Dadra and Nagar Haveli and Daman and Diu,2025,8,3.75
2024-01-15,Coal,MW,Nagaland,2024,1,
2024-02-15,Coal,MW,Nagaland,2024,2,
2024-03-15,Coal,MW,Nagaland,2024,3,
2024-04-15,Coal,MW,Nagaland,2024,4,
2024-05-15,Coal,MW,Nagaland,2024,5,
2024-06-15,Coal,MW,Nagaland,2024,6,
2024-07-15,Coal,MW,Nagaland,2024,7,
2024-08-15,Coal,MW,Nagaland,2024,8,
2024-09-15,Coal,MW,Nagaland,2024,9,
2024-10-15,Coal,MW,Nagaland,2024,10,
2024-11-15,Coal,MW,Nagaland,2024,11,
2024-12-15,Coal,MW,Nagaland,2024,12,
2025-01-15,Coal,MW,Nagaland,2025,1,
2025-02-15,Coal,MW,Nagaland,2025,2,
2025-03-15,Coal,MW,Nagaland,2025,3,
2025-04-15,Coal,MW,Nagaland,2025,4,
2025-05-15,Coal,MW,Nagaland,2025,5,
2025-06-15,Coal,MW,Nagaland,2025,6,
2025-07-15,Coal,MW,Nagaland,2025,7,
2025-08-15,Coal,MW,Nagaland,2025,8,
2024-01-15,Oil & Gas,MW,Nagaland,2024,1,
2024-02-15,Oil & Gas,MW,Nagaland,2024,2,
2024-03-15,Oil & Gas,MW,Nagaland,2024,3,
2024-04-15,Oil & Gas,MW,Nagaland,2024,4,
2024-05-15,Oil & Gas,MW,Nagaland,2024,5,
2024-06-15,Oil & Gas,MW,Nagaland,2024,6,
2024-07-15,Oil & Gas,MW,Nagaland,2024,7,
2024-08-15,Oil & Gas,MW,Nagaland,2024,8,
2024-09-15,Oil & Gas,MW,Nagaland,2024,9,
2024-10-15,Oil & Gas,MW,Nagaland,2024,10,
2024-11-15,Oil & Gas,MW,Nagaland,2024,11,
2024-12-15,Oil & Gas,MW,Nagaland,2024,12,
2025-01-15,Oil & Gas,MW,Nagaland,2025,1,
2025-02-15,Oil & Gas,MW,Nagaland,2025,2,
2025-03-15,Oil & Gas,MW,Nagaland,2025,3,
2025-04-15,Oil & Gas,MW,Nagaland,2025,4,
2025-05-15,Oil & Gas,MW,Nagaland,2025,5,
2025-06-15,Oil & Gas,MW,Nagaland,2025,6,
2025-07-15,Oil & Gas,MW,Nagaland,2025,7,
2025-08-15,Oil & Gas,MW,Nagaland,2025,8,
2024-01-15,Hydro,MW,Nagaland,2024,1,75
2024-02-15,Hydro,MW,Nagaland,2024,2,75
2024-03-15,Hydro,MW,Nagaland,2024,3,75
2024-04-15,Hydro,MW,Nagaland,2024,4,75
2024-05-15,Hydro,MW,Nagaland,2024,5,75
2024-06-15,Hydro,MW,Nagaland,2024,6,75
2024-07-15,Hydro,MW,Nagaland,2024,7,75
2024-08-15,Hydro,MW,Nagaland,2024,8,75
2024-09-15,Hydro,MW,Nagaland,2024,9,75
2024-10-15,Hydro,MW,Nagaland,2024,10,75
2024-11-15,Hydro,MW,Nagaland,2024,11,75
2024-12-15,Hydro,MW,Nagaland,2024,12,75
2025-01-15,Hydro,MW,Nagaland,2025,1,75
2025-02-15,Hydro,MW,Nagaland,2025,2,75
2025-03-15,Hydro,MW,Nagaland,2025,3,75
2025-04-15,Hydro,MW,Nagaland,2025,4,75
2025-05-15,Hydro,MW,Nagaland,2025,5,75
2025-06-15,Hydro,MW,Nagaland,2025,6,75
2025-07-15,Hydro,MW,Nagaland,2025,7,75
2025-08-15,Hydro,MW,Nagaland,2025,8,75
2024-01-15,Solar,MW,Nagaland,2024,1,3.17
2024-02-15,Solar,MW,Nagaland,2024,2,3.17
2024-03-15,Solar,MW,Nagaland,2024,3,3.17
2024-04-15,Solar,MW,Nagaland,2024,4,3.17
2024-05-15,Solar,MW,Nagaland,2024,5,3.17
2024-06-15,Solar,MW,Nagaland,2024,6,3.17
2024-07-15,Solar,MW,Nagaland,2024,7,3.17
2024-08-15,Solar,MW,Nagaland,2024,8,3.17
2024-09-15,Solar,MW,Nagaland,2024,9,3.17
2024-10-15,Solar,MW,Nagaland,2024,10,3.17
2024-11-15,Solar,MW,Nagaland,2024,11,3.17
2024-12-15,Solar,MW,Nagaland,2024,12,3.17
2025-01-15,Solar,MW,Nagaland,2025,1,3.17
2025-02-15,Solar,MW,Nagaland,2025,2,3.17
2025-03-15,Solar,MW,Nagaland,2025,3,3.17
2025-04-15,Solar,MW,Nagaland,2025,4,3.17
2025-05-15,Solar,MW,Nagaland,2025,5,3.17
2025-06-15,Solar,MW,Nagaland,2025,6,3.17
2025-07-15,Solar,MW,Nagaland,2025,7,3.17
2025-08-15,Solar,MW,Nagaland,2025,8,3.17
2024-01-15,Small-Hydro,MW,Nagaland,2024,1,32.67
2024-02-15,Small-Hydro,MW,Nagaland,2024,2,32.67
2024-03-15,Small-Hydro,MW,Nagaland,2024,3,32.67
2024-04-15,Small-Hydro,MW,Nagaland,2024,4,32.67
2024-05-15,Small-Hydro,MW,Nagaland,2024,5,32.67
2024-06-15,Small-Hydro,MW,Nagaland,2024,6,32.67
2024-07-15,Small-Hydro,MW,Nagaland,2024,7,32.67
2024-08-15,Small-Hydro,MW,Nagaland,2024,8,32.67
2024-09-15,Small-Hydro,MW,Nagaland,2024,9,32.67
2024-10-15,Small-Hydro,MW,Nagaland,2024,10,32.67
2024-11-15,Small-Hydro,MW,Nagaland,2024,11,32.67
2024-12-15,Small-Hydro,MW,Nagaland,2024,12,32.67
2025-01-15,Small-Hydro,MW,Nagaland,2025,1,32.67
2025-02-15,Small-Hydro,MW,Nagaland,2025,2,32.67
2025-03-15,Small-Hydro,MW,Nagaland,2025,3,32.67
2025-04-15,Small-Hydro,MW,Nagaland,2025,4,32.67
2025-05-15,Small-Hydro,MW,Nagaland,2025,5,32.67
2025-06-15,Small-Hydro,MW,Nagaland,2025,6,32.67
2025-07-15,Small-Hydro,MW,Nagaland,2025,7,32.67
2025-08-15,Small-Hydro,MW,Nagaland,2025,8,32.67
2024-01-15,Bio Power,MW,Nagaland,2024,1,
2024-02-15,Bio Power,MW,Nagaland,2024,2,
2024-03-15,Bio Power,MW,Nagaland,2024,3,
2024-04-15,Bio Power,MW,Nagaland,2024,4,
2024-05-15,Bio Power,MW,Nagaland,2024,5,
2024-06-15,Bio Power,MW,Nagaland,2024,6,
2024-07-15,Bio Power,MW,Nagaland,2024,7,
2024-08-15,Bio Power,MW,Nagaland,2024,8,
2024-09-15,Bio Power,MW,Nagaland,2024,9,
2024-10-15,Bio Power,MW,Nagaland,2024,10,
2024-11-15,Bio Power,MW,Nagaland,2024,11,
2024-12-15,Bio Power,MW,Nagaland,2024,12,
2025-01-15,Bio Power,MW,Nagaland,2025,1,
2025-02-15,Bio Power,MW,Nagaland,2025,2,
2025-03-15,Bio Power,MW,Nagaland,2025,3,
2025-04-15,Bio Power,MW,Nagaland,2025,4,
2025-05-15,Bio Power,MW,Nagaland,2025,5,
2025-06-15,Bio Power,MW,Nagaland,2025,6,
2025-07-15,Bio Power,MW,Nagaland,2025,7,
2025-08-15,Bio Power,MW,Nagaland,2025,8,
2024-01-15,Coal,MW,Assam,2024,1,750
2024-02-15,Coal,MW,Assam,2024,2,750
2024-03-15,Coal,MW,Assam,2024,3,750
2024-04-15,Coal,MW,Assam,2024,4,750
2024-05-15,Coal,MW,Assam,2024,5,750
2024-06-15,Coal,MW,Assam,2024,6,750
2024-07-15,Coal,MW,Assam,2024,7,750
2024-08-15,Coal,MW,Assam,2024,8,750
2024-09-15,Coal,MW,Assam,2024,9,750
2024-10-15,Coal,MW,Assam,2024,10,750
2024-11-15,Coal,MW,Assam,2024,11,750
2024-12-15,Coal,MW,Assam,2024,12,750
2025-01-15,Coal,MW,Assam,2025,1,750
2025-02-15,Coal,MW,Assam,2025,2,750
2025-03-15,Coal,MW,Assam,2025,3,750
2025-04-15,Coal,MW,Assam,2025,4,750
2025-05-15,Coal,MW,Assam,2025,5,750
2025-06-15,Coal,MW,Assam,2025,6,750
2025-07-15,Coal,MW,Assam,2025,7,750
2025-08-15,Coal,MW,Assam,2025,8,750
2024-01-15,Oil & Gas,MW,Assam,2024,1,597.36
2024-02-15,Oil & Gas,MW,Assam,2024,2,597.36
2024-03-15,Oil & Gas,MW,Assam,2024,3,597.36
2024-04-15,Oil & Gas,MW,Assam,2024,4,597.36
2024-05-15,Oil & Gas,MW,Assam,2024,5,597.36
2024-06-15,Oil & Gas,MW,Assam,2024,6,597.36
2024-07-15,Oil & Gas,MW,Assam,2024,7,597.36
2024-08-15,Oil & Gas,MW,Assam,2024,8,597.36
2024-09-15,Oil & Gas,MW,Assam,2024,9,597.36
2024-10-15,Oil & Gas,MW,Assam,2024,10,597.36
2024-11-15,Oil & Gas,MW,Assam,2024,11,597.36
2024-12-15,Oil & Gas,MW,Assam,2024,12,597.36
2025-01-15,Oil & Gas,MW,Assam,2025,1,597.36
2025-02-15,Oil & Gas,MW,Assam,2025,2,597.36
2025-03-15,Oil & Gas,MW,Assam,2025,3,597.36
2025-04-15,Oil & Gas,MW,Assam,2025,4,597.36
2025-05-15,Oil & Gas,MW,Assam,2025,5,597.36
2025-06-15,Oil & Gas,MW,Assam,2025,6,597.36
2025-07-15,Oil & Gas,MW,Assam,2025,7,597.36
2025-08-15,Oil & Gas,MW,Assam,2025,8,597.36
2024-01-15,Hydro,MW,Assam,2024,1,350
2024-02-15,Hydro,MW,Assam,2024,2,350
2024-03-15,Hydro,MW,Assam,2024,3,350
2024-04-15,Hydro,MW,Assam,2024,4,350
2024-05-15,Hydro,MW,Assam,2024,5,350
2024-06-15,Hydro,MW,Assam,2024,6,350
2024-07-15,Hydro,MW,Assam,2024,7,350
2024-08-15,Hydro,MW,Assam,2024,8,350
2024-09-15,Hydro,MW,Assam,2024,9,350
2024-10-15,Hydro,MW,Assam,2024,10,350
2024-11-15,Hydro,MW,Assam,2024,11,350
2024-12-15,Hydro,MW,Assam,2024,12,350
2025-01-15,Hydro,MW,Assam,2025,1,350
2025-02-15,Hydro,MW,Assam,2025,2,350
2025-03-15,Hydro,MW,Assam,2025,3,350
2025-04-15,Hydro,MW,Assam,2025,4,350
2025-05-15,Hydro,MW,Assam,2025,5,350
2025-06-15,Hydro,MW,Assam,2025,6,350
2025-07-15,Hydro,MW,Assam,2025,7,350
2025-08-15,Hydro,MW,Assam,2025,8,350
2024-01-15,Solar,MW,Assam,2024,1,155.8
2024-02-15,Solar,MW,Assam,2024,2,155.8
2024-03-15,Solar,MW,Assam,2024,3,156.18
2024-04-15,Solar,MW,Assam,2024,4,156.31
2024-05-15,Solar,MW,Assam,2024,5,177.46
2024-06-15,Solar,MW,Assam,2024,6,177.9
2024-07-15,Solar,MW,Assam,2024,7,178.3
2024-08-15,Solar,MW,Assam,2024,8,179.24
2024-09-15,Solar,MW,Assam,2024,9,180.77
2024-10-15,Solar,MW,Assam,2024,10,180.77
2024-11-15,Solar,MW,Assam,2024,11,182.69
2024-12-15,Solar,MW,Assam,2024,12,185.44
2025-01-15,Solar,MW,Assam,2025,1,188.84
2025-02-15,Solar,MW,Assam,2025,2,192.34
2025-03-15,Solar,MW,Assam,2025,3,196.54
2025-04-15,Solar,MW,Assam,2025,4,212.34
2025-05-15,Solar,MW,Assam,2025,5,230.74
2025-06-15,Solar,MW,Assam,2025,6,243.34
2025-07-15,Solar,MW,Assam,2025,7,243.34
2025-08-15,Solar,MW,Assam,2025,8,299.94
2024-01-15,Small-Hydro,MW,Assam,2024,1,34.11
2024-02-15,Small-Hydro,MW,Assam,2024,2,34.11
2024-03-15,Small-Hydro,MW,Assam,2024,3,34.11
2024-04-15,Small-Hydro,MW,Assam,2024,4,34.11
2024-05-15,Small-Hydro,MW,Assam,2024,5,34.11
2024-06-15,Small-Hydro,MW,Assam,2024,6,34.11
2024-07-15,Small-Hydro,MW,Assam,2024,7,34.11
2024-08-15,Small-Hydro,MW,Assam,2024,8,34.11
2024-09-15,Small-Hydro,MW,Assam,2024,9,34.11
2024-10-15,Small-Hydro,MW,Assam,2024,10,34.11
2024-11-15,Small-Hydro,MW,Assam,2024,11,34.11
2024-12-15,Small-Hydro,MW,Assam,2024,12,34.11
2025-01-15,Small-Hydro,MW,Assam,2025,1,34.11
2025-02-15,Small-Hydro,MW,Assam,2025,2,34.11
2025-03-15,Small-Hydro,MW,Assam,2025,3,34.11
2025-04-15,Small-Hydro,MW,Assam,2025,4,34.11
2025-05-15,Small-Hydro,MW,Assam,2025,5,34.11
2025-06-15,Small-Hydro,MW,Assam,2025,6,34.11
2025-07-15,Small-Hydro,MW,Assam,2025,7,34.11
2025-08-15,Small-Hydro,MW,Assam,2025,8,34.11
2024-01-15,Bio Power,MW,Assam,2024,1,2
2024-02-15,Bio Power,MW,Assam,2024,2,2
2024-03-15,Bio Power,MW,Assam,2024,3,2
2024-04-15,Bio Power,MW,Assam,2024,4,2
2024-05-15,Bio Power,MW,Assam,2024,5,2
2024-06-15,Bio Power,MW,Assam,2024,6,2
2024-07-15,Bio Power,MW,Assam,2024,7,2
2024-08-15,Bio Power,MW,Assam,2024,8,2
2024-09-15,Bio Power,MW,Assam,2024,9,2
2024-10-15,Bio Power,MW,Assam,2024,10,2
2024-11-15,Bio Power,MW,Assam,2024,11,2
2024-12-15,Bio Power,MW,Assam,2024,12,2
2025-01-15,Bio Power,MW,Assam,2025,1,2
2025-02-15,Bio Power,MW,Assam,2025,2,2
2025-03-15,Bio Power,MW,Assam,2025,3,2
2025-04-15,Bio Power,MW,Assam,2025,4,2
2025-05-15,Bio Power,MW,Assam,2025,5,2
2025-06-15,Bio Power,MW,Assam,2025,6,2
2025-07-15,Bio Power,MW,Assam,2025,7,2
2025-08-15,Bio Power,MW,Assam,2025,8,2
2024-01-15,Coal,MW,Arunachal Pradesh,2024,1,
2024-02-15,Coal,MW,Arunachal Pradesh,2024,2,
2024-03-15,Coal,MW,Arunachal Pradesh,2024,3,
2024-04-15,Coal,MW,Arunachal Pradesh,2024,4,
2024-05-15,Coal,MW,Arunachal Pradesh,2024,5,
2024-06-15,Coal,MW,Arunachal Pradesh,2024,6,
2024-07-15,Coal,MW,Arunachal Pradesh,2024,7,
2024-08-15,Coal,MW,Arunachal Pradesh,2024,8,
2024-09-15,Coal,MW,Arunachal Pradesh,2024,9,
2024-10-15,Coal,MW,Arunachal Pradesh,2024,10,
2024-11-15,Coal,MW,Arunachal Pradesh,2024,11,
2024-12-15,Coal,MW,Arunachal Pradesh,2024,12,
2025-01-15,Coal,MW,Arunachal Pradesh,2025,1,
2025-02-15,Coal,MW,Arunachal Pradesh,2025,2,
2025-03-15,Coal,MW,Arunachal Pradesh,2025,3,
2025-04-15,Coal,MW,Arunachal Pradesh,2025,4,
2025-05-15,Coal,MW,Arunachal Pradesh,2025,5,
2025-06-15,Coal,MW,Arunachal Pradesh,2025,6,
2025-07-15,Coal,MW,Arunachal Pradesh,2025,7,
2025-08-15,Coal,MW,Arunachal Pradesh,2025,8,
2024-01-15,Oil & Gas,MW,Arunachal Pradesh,2024,1,
2024-02-15,Oil & Gas,MW,Arunachal Pradesh,2024,2,
2024-03-15,Oil & Gas,MW,Arunachal Pradesh,2024,3,
2024-04-15,Oil & Gas,MW,Arunachal Pradesh,2024,4,
2024-05-15,Oil & Gas,MW,Arunachal Pradesh,2024,5,
2024-06-15,Oil & Gas,MW,Arunachal Pradesh,2024,6,
2024-07-15,Oil & Gas,MW,Arunachal Pradesh,2024,7,
2024-08-15,Oil & Gas,MW,Arunachal Pradesh,2024,8,
2024-09-15,Oil & Gas,MW,Arunachal Pradesh,2024,9,
2024-10-15,Oil & Gas,MW,Arunachal Pradesh,2024,10,
2024-11-15,Oil & Gas,MW,Arunachal Pradesh,2024,11,
2024-12-15,Oil & Gas,MW,Arunachal Pradesh,2024,12,
2025-01-15,Oil & Gas,MW,Arunachal Pradesh,2025,1,
2025-02-15,Oil & Gas,MW,Arunachal Pradesh,2025,2,
2025-03-15,Oil & Gas,MW,Arunachal Pradesh,2025,3,
2025-04-15,Oil & Gas,MW,Arunachal Pradesh,2025,4,
2025-05-15,Oil & Gas,MW,Arunachal Pradesh,2025,5,
2025-06-15,Oil & Gas,MW,Arunachal Pradesh,2025,6,
2025-07-15,Oil & Gas,MW,Arunachal Pradesh,2025,7,
2025-08-15,Oil & Gas,MW,Arunachal Pradesh,2025,8,
2024-01-15,Hydro,MW,Arunachal Pradesh,2024,1,1115
2024-02-15,Hydro,MW,Arunachal Pradesh,2024,2,1115
2024-03-15,Hydro,MW,Arunachal Pradesh,2024,3,1115
2024-04-15,Hydro,MW,Arunachal Pradesh,2024,4,1115
2024-05-15,Hydro,MW,Arunachal Pradesh,2024,5,1115
2024-06-15,Hydro,MW,Arunachal Pradesh,2024,6,1115
2024-07-15,Hydro,MW,Arunachal Pradesh,2024,7,1115
2024-08-15,Hydro,MW,Arunachal Pradesh,2024,8,1115
2024-09-15,Hydro,MW,Arunachal Pradesh,2024,9,1115
2024-10-15,Hydro,MW,Arunachal Pradesh,2024,10,1115
2024-11-15,Hydro,MW,Arunachal Pradesh,2024,11,1115
2024-12-15,Hydro,MW,Arunachal Pradesh,2024,12,1115
2025-01-15,Hydro,MW,Arunachal Pradesh,2025,1,1115
2025-02-15,Hydro,MW,Arunachal Pradesh,2025,2,1115
2025-03-15,Hydro,MW,Arunachal Pradesh,2025,3,1115
2025-04-15,Hydro,MW,Arunachal Pradesh,2025,4,1115
2025-05-15,Hydro,MW,Arunachal Pradesh,2025,5,1115
2025-06-15,Hydro,MW,Arunachal Pradesh,2025,6,1115
2025-07-15,Hydro,MW,Arunachal Pradesh,2025,7,1115
2025-08-15,Hydro,MW,Arunachal Pradesh,2025,8,1115
2024-01-15,Solar,MW,Arunachal Pradesh,2024,1,11.79
2024-02-15,Solar,MW,Arunachal Pradesh,2024,2,11.79
2024-03-15,Solar,MW,Arunachal Pradesh,2024,3,11.79
2024-04-15,Solar,MW,Arunachal Pradesh,2024,4,11.79
2024-05-15,Solar,MW,Arunachal Pradesh,2024,5,11.79
2024-06-15,Solar,MW,Arunachal Pradesh,2024,6,11.94
2024-07-15,Solar,MW,Arunachal Pradesh,2024,7,14.54
2024-08-15,Solar,MW,Arunachal Pradesh,2024,8,14.65
2024-09-15,Solar,MW,Arunachal Pradesh,2024,9,14.65
2024-10-15,Solar,MW,Arunachal Pradesh,2024,10,14.72
2024-11-15,Solar,MW,Arunachal Pradesh,2024,11,14.72
2024-12-15,Solar,MW,Arunachal Pradesh,2024,12,14.85
2025-01-15,Solar,MW,Arunachal Pradesh,2025,1,14.85
2025-02-15,Solar,MW,Arunachal Pradesh,2025,2,14.85
2025-03-15,Solar,MW,Arunachal Pradesh,2025,3,14.85
2025-04-15,Solar,MW,Arunachal Pradesh,2025,4,14.85
2025-05-15,Solar,MW,Arunachal Pradesh,2025,5,14.85
2025-06-15,Solar,MW,Arunachal Pradesh,2025,6,14.85
2025-07-15,Solar,MW,Arunachal Pradesh,2025,7,14.85
2025-08-15,Solar,MW,Arunachal Pradesh,2025,8,14.85
2024-01-15,Small-Hydro,MW,Arunachal Pradesh,2024,1,133.1
2024-02-15,Small-Hydro,MW,Arunachal Pradesh,2024,2,133.1
2024-03-15,Small-Hydro,MW,Arunachal Pradesh,2024,3,133.1
2024-04-15,Small-Hydro,MW,Arunachal Pradesh,2024,4,133.1
2024-05-15,Small-Hydro,MW,Arunachal Pradesh,2024,5,133.1
2024-06-15,Small-Hydro,MW,Arunachal Pradesh,2024,6,133.1
2024-07-15,Small-Hydro,MW,Arunachal Pradesh,2024,7,140.61
2024-08-15,Small-Hydro,MW,Arunachal Pradesh,2024,8,140.61
2024-09-15,Small-Hydro,MW,Arunachal Pradesh,2024,9,140.61
2024-10-15,Small-Hydro,MW,Arunachal Pradesh,2024,10,140.61
2024-11-15,Small-Hydro,MW,Arunachal Pradesh,2024,11,140.61
2024-12-15,Small-Hydro,MW,Arunachal Pradesh,2024,12,140.61
2025-01-15,Small-Hydro,MW,Arunachal Pradesh,2025,1,140.61
2025-02-15,Small-Hydro,MW,Arunachal Pradesh,2025,2,140.61
2025-03-15,Small-Hydro,MW,Arunachal Pradesh,2025,3,140.61
2025-04-15,Small-Hydro,MW,Arunachal Pradesh,2025,4,140.61
2025-05-15,Small-Hydro,MW,Arunachal Pradesh,2025,5,140.61
2025-06-15,Small-Hydro,MW,Arunachal Pradesh,2025,6,140.61
2025-07-15,Small-Hydro,MW,Arunachal Pradesh,2025,7,140.61
2025-08-15,Small-Hydro,MW,Arunachal Pradesh,2025,8,140.61
2024-01-15,Bio Power,MW,Arunachal Pradesh,2024,1,
2024-02-15,Bio Power,MW,Arunachal Pradesh,2024,2,
2024-03-15,Bio Power,MW,Arunachal Pradesh,2024,3,
2024-04-15,Bio Power,MW,Arunachal Pradesh,2024,4,
2024-05-15,Bio Power,MW,Arunachal Pradesh,2024,5,
2024-06-15,Bio Power,MW,Arunachal Pradesh,2024,6,
2024-07-15,Bio Power,MW,Arunachal Pradesh,2024,7,
2024-08-15,Bio Power,MW,Arunachal Pradesh,2024,8,
2024-09-15,Bio Power,MW,Arunachal Pradesh,2024,9,
2024-10-15,Bio Power,MW,Arunachal Pradesh,2024,10,
2024-11-15,Bio Power,MW,Arunachal Pradesh,2024,11,
2024-12-15,Bio Power,MW,Arunachal Pradesh,2024,12,
2025-01-15,Bio Power,MW,Arunachal Pradesh,2025,1,
2025-02-15,Bio Power,MW,Arunachal Pradesh,2025,2,
2025-03-15,Bio Power,MW,Arunachal Pradesh,2025,3,
2025-04-15,Bio Power,MW,Arunachal Pradesh,2025,4,
2025-05-15,Bio Power,MW,Arunachal Pradesh,2025,5,
2025-06-15,Bio Power,MW,Arunachal Pradesh,2025,6,
2025-07-15,Bio Power,MW,Arunachal Pradesh,2025,7,
2025-08-15,Bio Power,MW,Arunachal Pradesh,2025,8,
2024-01-15,Coal,MW,Odisha,2024,1,9540
2024-02-15,Coal,MW,Odisha,2024,2,9540
2024-03-15,Coal,MW,Odisha,2024,3,9540
2024-04-15,Coal,MW,Odisha,2024,4,9540
2024-05-15,Coal,MW,Odisha,2024,5,9540
2024-06-15,Coal,MW,Odisha,2024,6,9540
2024-07-15,Coal,MW,Odisha,2024,7,9540
2024-08-15,Coal,MW,Odisha,2024,8,9540
2024-09-15,Coal,MW,Odisha,2024,9,9600
2024-10-15,Coal,MW,Odisha,2024,10,9600
2024-11-15,Coal,MW,Odisha,2024,11,9600
2024-12-15,Coal,MW,Odisha,2024,12,9600
2025-01-15,Coal,MW,Odisha,2025,1,9600
2025-02-15,Coal,MW,Odisha,2025,2,9600
2025-03-15,Coal,MW,Odisha,2025,3,9600
2025-04-15,Coal,MW,Odisha,2025,4,9950
2025-05-15,Coal,MW,Odisha,2025,5,9950
2025-06-15,Coal,MW,Odisha,2025,6,9950
2025-07-15,Coal,MW,Odisha,2025,7,9950
2025-08-15,Coal,MW,Odisha,2025,8,9950
2024-01-15,Hydro,MW,Odisha,2024,1,2154.55
2024-02-15,Hydro,MW,Odisha,2024,2,2154.55
2024-03-15,Hydro,MW,Odisha,2024,3,2154.55
2024-04-15,Hydro,MW,Odisha,2024,4,2154.55
2024-05-15,Hydro,MW,Odisha,2024,5,2154.55
2024-06-15,Hydro,MW,Odisha,2024,6,2154.55
2024-07-15,Hydro,MW,Odisha,2024,7,2154.55
2024-08-15,Hydro,MW,Odisha,2024,8,2154.55
2024-09-15,Hydro,MW,Odisha,2024,9,2154.55
2024-10-15,Hydro,MW,Odisha,2024,10,2154.55
2024-11-15,Hydro,MW,Odisha,2024,11,2154.55
2024-12-15,Hydro,MW,Odisha,2024,12,2154.55
2025-01-15,Hydro,MW,Odisha,2025,1,2154.55
2025-02-15,Hydro,MW,Odisha,2025,2,2154.55
2025-03-15,Hydro,MW,Odisha,2025,3,2154.55
2025-04-15,Hydro,MW,Odisha,2025,4,2154.55
2025-05-15,Hydro,MW,Odisha,2025,5,2154.55
2025-06-15,Hydro,MW,Odisha,2025,6,2154.55
2025-07-15,Hydro,MW,Odisha,2025,7,2154.55
2025-08-15,Hydro,MW,Odisha,2025,8,2154.55
2024-01-15,Solar,MW,Odisha,2024,1,473.03
2024-02-15,Solar,MW,Odisha,2024,2,480.83
2024-03-15,Solar,MW,Odisha,2024,3,495.63
2024-04-15,Solar,MW,Odisha,2024,4,495.83
2024-05-15,Solar,MW,Odisha,2024,5,495.83
2024-06-15,Solar,MW,Odisha,2024,6,508.47
2024-07-15,Solar,MW,Odisha,2024,7,513.24
2024-08-15,Solar,MW,Odisha,2024,8,516.5
2024-09-15,Solar,MW,Odisha,2024,9,606.87
2024-10-15,Solar,MW,Odisha,2024,10,608.38
2024-11-15,Solar,MW,Odisha,2024,11,609.95
2024-12-15,Solar,MW,Odisha,2024,12,615.92
2025-01-15,Solar,MW,Odisha,2025,1,621.64
2025-02-15,Solar,MW,Odisha,2025,2,621.84
2025-03-15,Solar,MW,Odisha,2025,3,624.44
2025-04-15,Solar,MW,Odisha,2025,4,629.34
2025-05-15,Solar,MW,Odisha,2025,5,701.74
2025-06-15,Solar,MW,Odisha,2025,6,706.34
2025-07-15,Solar,MW,Odisha,2025,7,723.64
2025-08-15,Solar,MW,Odisha,2025,8,727.24
2024-01-15,Small-Hydro,MW,Odisha,2024,1,115.63
2024-02-15,Small-Hydro,MW,Odisha,2024,2,115.63
2024-03-15,Small-Hydro,MW,Odisha,2024,3,115.63
2024-04-15,Small-Hydro,MW,Odisha,2024,4,115.63
2024-05-15,Small-Hydro,MW,Odisha,2024,5,115.63
2024-06-15,Small-Hydro,MW,Odisha,2024,6,115.63
2024-07-15,Small-Hydro,MW,Odisha,2024,7,115.63
2024-08-15,Small-Hydro,MW,Odisha,2024,8,115.63
2024-09-15,Small-Hydro,MW,Odisha,2024,9,115.63
2024-10-15,Small-Hydro,MW,Odisha,2024,10,115.63
2024-11-15,Small-Hydro,MW,Odisha,2024,11,115.63
2024-12-15,Small-Hydro,MW,Odisha,2024,12,115.63
2025-01-15,Small-Hydro,MW,Odisha,2025,1,115.63
2025-02-15,Small-Hydro,MW,Odisha,2025,2,115.63
2025-03-15,Small-Hydro,MW,Odisha,2025,3,115.63
2025-04-15,Small-Hydro,MW,Odisha,2025,4,115.63
2025-05-15,Small-Hydro,MW,Odisha,2025,5,115.63
2025-06-15,Small-Hydro,MW,Odisha,2025,6,115.63
2025-07-15,Small-Hydro,MW,Odisha,2025,7,115.63
2025-08-15,Small-Hydro,MW,Odisha,2025,8,115.63
2024-01-15,Bio Power,MW,Odisha,2024,1,59.22
2024-02-15,Bio Power,MW,Odisha,2024,2,59.22
2024-03-15,Bio Power,MW,Odisha,2024,3,59.22
2024-04-15,Bio Power,MW,Odisha,2024,4,59.22
2024-05-15,Bio Power,MW,Odisha,2024,5,59.22
2024-06-15,Bio Power,MW,Odisha,2024,6,59.22
2024-07-15,Bio Power,MW,Odisha,2024,7,59.22
2024-08-15,Bio Power,MW,Odisha,2024,8,59.22
2024-09-15,Bio Power,MW,Odisha,2024,9,59.22
2024-10-15,Bio Power,MW,Odisha,2024,10,59.22
2024-11-15,Bio Power,MW,Odisha,2024,11,59.22
2024-12-15,Bio Power,MW,Odisha,2024,12,59.22
2025-01-15,Bio Power,MW,Odisha,2025,1,59.22
2025-02-15,Bio Power,MW,Odisha,2025,2,60.05
2025-03-15,Bio Power,MW,Odisha,2025,3,64.22
2025-04-15,Bio Power,MW,Odisha,2025,4,64.22
2025-05-15,Bio Power,MW,Odisha,2025,5,64.22
2025-06-15,Bio Power,MW,Odisha,2025,6,64.22
2025-07-15,Bio Power,MW,Odisha,2025,7,64.22
2025-08-15,Bio Power,MW,Odisha,2025,8,64.22
2024-01-15,Coal,MW,Punjab,2024,1,5680
2024-02-15,Coal,MW,Punjab,2024,2,5680
2024-03-15,Coal,MW,Punjab,2024,3,5680
2024-04-15,Coal,MW,Punjab,2024,4,5680
2024-05-15,Coal,MW,Punjab,2024,5,5680
2024-06-15,Coal,MW,Punjab,2024,6,5680
2024-07-15,Coal,MW,Punjab,2024,7,5680
2024-08-15,Coal,MW,Punjab,2024,8,5680
2024-09-15,Coal,MW,Punjab,2024,9,5680
2024-10-15,Coal,MW,Punjab,2024,10,5680
2024-11-15,Coal,MW,Punjab,2024,11,5680
2024-12-15,Coal,MW,Punjab,2024,12,5680
2025-01-15,Coal,MW,Punjab,2025,1,5680
2025-02-15,Coal,MW,Punjab,2025,2,5680
2025-03-15,Coal,MW,Punjab,2025,3,5680
2025-04-15,Coal,MW,Punjab,2025,4,5680
2025-05-15,Coal,MW,Punjab,2025,5,5680
2025-06-15,Coal,MW,Punjab,2025,6,5680
2025-07-15,Coal,MW,Punjab,2025,7,5680
2025-08-15,Coal,MW,Punjab,2025,8,5680
2024-01-15,Hydro,MW,Punjab,2024,1,1096.3
2024-02-15,Hydro,MW,Punjab,2024,2,1096.3
2024-03-15,Hydro,MW,Punjab,2024,3,1096.3
2024-04-15,Hydro,MW,Punjab,2024,4,1096.3
2024-05-15,Hydro,MW,Punjab,2024,5,1096.3
2024-06-15,Hydro,MW,Punjab,2024,6,1096.3
2024-07-15,Hydro,MW,Punjab,2024,7,1096.3
2024-08-15,Hydro,MW,Punjab,2024,8,1096.3
2024-09-15,Hydro,MW,Punjab,2024,9,1096.3
2024-10-15,Hydro,MW,Punjab,2024,10,1096.3
2024-11-15,Hydro,MW,Punjab,2024,11,1096.3
2024-12-15,Hydro,MW,Punjab,2024,12,1096.3
2025-01-15,Hydro,MW,Punjab,2025,1,1096.3
2025-02-15,Hydro,MW,Punjab,2025,2,1096.3
2025-03-15,Hydro,MW,Punjab,2025,3,1096.3
2025-04-15,Hydro,MW,Punjab,2025,4,1096.3
2025-05-15,Hydro,MW,Punjab,2025,5,1096.3
2025-06-15,Hydro,MW,Punjab,2025,6,1096.3
2025-07-15,Hydro,MW,Punjab,2025,7,1096.3
2025-08-15,Hydro,MW,Punjab,2025,8,1096.3
2024-01-15,Solar,MW,Punjab,2024,1,1266.55
2024-02-15,Solar,MW,Punjab,2024,2,1266.54
2024-03-15,Solar,MW,Punjab,2024,3,1324.27
2024-04-15,Solar,MW,Punjab,2024,4,1324.27
2024-05-15,Solar,MW,Punjab,2024,5,1324.27
2024-06-15,Solar,MW,Punjab,2024,6,1357.93
2024-07-15,Solar,MW,Punjab,2024,7,1367.15
2024-08-15,Solar,MW,Punjab,2024,8,1375.78
2024-09-15,Solar,MW,Punjab,2024,9,1375.78
2024-10-15,Solar,MW,Punjab,2024,10,1375.79
2024-11-15,Solar,MW,Punjab,2024,11,1387.05
2024-12-15,Solar,MW,Punjab,2024,12,1387.05
2025-01-15,Solar,MW,Punjab,2025,1,1407.63
2025-02-15,Solar,MW,Punjab,2025,2,1421.43
2025-03-15,Solar,MW,Punjab,2025,3,1421.43
2025-04-15,Solar,MW,Punjab,2025,4,1421.43
2025-05-15,Solar,MW,Punjab,2025,5,1421.43
2025-06-15,Solar,MW,Punjab,2025,6,1427.23
2025-07-15,Solar,MW,Punjab,2025,7,1471.43
2025-08-15,Solar,MW,Punjab,2025,8,1494.13
2024-01-15,Small-Hydro,MW,Punjab,2024,1,176.1
2024-02-15,Small-Hydro,MW,Punjab,2024,2,176.1
2024-03-15,Small-Hydro,MW,Punjab,2024,3,176.1
2024-04-15,Small-Hydro,MW,Punjab,2024,4,176.1
2024-05-15,Small-Hydro,MW,Punjab,2024,5,176.1
2024-06-15,Small-Hydro,MW,Punjab,2024,6,176.1
2024-07-15,Small-Hydro,MW,Punjab,2024,7,176.1
2024-08-15,Small-Hydro,MW,Punjab,2024,8,176.1
2024-09-15,Small-Hydro,MW,Punjab,2024,9,176.1
2024-10-15,Small-Hydro,MW,Punjab,2024,10,176.1
2024-11-15,Small-Hydro,MW,Punjab,2024,11,176.1
2024-12-15,Small-Hydro,MW,Punjab,2024,12,176.1
2025-01-15,Small-Hydro,MW,Punjab,2025,1,176.1
2025-02-15,Small-Hydro,MW,Punjab,2025,2,176.1
2025-03-15,Small-Hydro,MW,Punjab,2025,3,176.1
2025-04-15,Small-Hydro,MW,Punjab,2025,4,176.1
2025-05-15,Small-Hydro,MW,Punjab,2025,5,176.1
2025-06-15,Small-Hydro,MW,Punjab,2025,6,176.1
2025-07-15,Small-Hydro,MW,Punjab,2025,7,176.1
2025-08-15,Small-Hydro,MW,Punjab,2025,8,176.1
2024-01-15,Bio Power,MW,Punjab,2024,1,532.11
2024-02-15,Bio Power,MW,Punjab,2024,2,532.11
2024-03-15,Bio Power,MW,Punjab,2024,3,567.25
2024-04-15,Bio Power,MW,Punjab,2024,4,567.25
2024-05-15,Bio Power,MW,Punjab,2024,5,567.25
2024-06-15,Bio Power,MW,Punjab,2024,6,567.25
2024-07-15,Bio Power,MW,Punjab,2024,7,567.25
2024-08-15,Bio Power,MW,Punjab,2024,8,567.25
2024-09-15,Bio Power,MW,Punjab,2024,9,567.25
2024-10-15,Bio Power,MW,Punjab,2024,10,567.25
2024-11-15,Bio Power,MW,Punjab,2024,11,567.25
2024-12-15,Bio Power,MW,Punjab,2024,12,567.25
2025-01-15,Bio Power,MW,Punjab,2025,1,568.25
2025-02-15,Bio Power,MW,Punjab,2025,2,568.25
2025-03-15,Bio Power,MW,Punjab,2025,3,576.59
2025-04-15,Bio Power,MW,Punjab,2025,4,576.59
2025-05-15,Bio Power,MW,Punjab,2025,5,576.59
2025-06-15,Bio Power,MW,Punjab,2025,6,576.59
2025-07-15,Bio Power,MW,Punjab,2025,7,576.59
2025-08-15,Bio Power,MW,Punjab,2025,8,576.59
2024-01-15,Coal,MW,Tamil Nadu,2024,1,14099
2024-02-15,Coal,MW,Tamil Nadu,2024,2,14099
2024-03-15,Coal,MW,Tamil Nadu,2024,3,14099
2024-04-15,Coal,MW,Tamil Nadu,2024,4,14099
2024-05-15,Coal,MW,Tamil Nadu,2024,5,14099
2024-06-15,Coal,MW,Tamil Nadu,2024,6,14099
2024-07-15,Coal,MW,Tamil Nadu,2024,7,14099
2024-08-15,Coal,MW,Tamil Nadu,2024,8,14099
2024-09-15,Coal,MW,Tamil Nadu,2024,9,14099
2024-10-15,Coal,MW,Tamil Nadu,2024,10,14099
2024-11-15,Coal,MW,Tamil Nadu,2024,11,14099
2024-12-15,Coal,MW,Tamil Nadu,2024,12,14099
2025-01-15,Coal,MW,Tamil Nadu,2025,1,14162.5
2025-02-15,Coal,MW,Tamil Nadu,2025,2,14162.5
2025-03-15,Coal,MW,Tamil Nadu,2025,3,14162.5
2025-04-15,Coal,MW,Tamil Nadu,2025,4,14162.5
2025-05-15,Coal,MW,Tamil Nadu,2025,5,14162.5
2025-06-15,Coal,MW,Tamil Nadu,2025,6,14162.5
2025-07-15,Coal,MW,Tamil Nadu,2025,7,14162.5
2025-08-15,Coal,MW,Tamil Nadu,2025,8,14162.5
2024-01-15,Oil & Gas,MW,Tamil Nadu,2024,1,1017.18
2024-02-15,Oil & Gas,MW,Tamil Nadu,2024,2,1017.18
2024-03-15,Oil & Gas,MW,Tamil Nadu,2024,3,1017.18
2024-04-15,Oil & Gas,MW,Tamil Nadu,2024,4,1017.18
2024-05-15,Oil & Gas,MW,Tamil Nadu,2024,5,1017.18
2024-06-15,Oil & Gas,MW,Tamil Nadu,2024,6,1017.18
2024-07-15,Oil & Gas,MW,Tamil Nadu,2024,7,1017.18
2024-08-15,Oil & Gas,MW,Tamil Nadu,2024,8,1017.18
2024-09-15,Oil & Gas,MW,Tamil Nadu,2024,9,1017.18
2024-10-15,Oil & Gas,MW,Tamil Nadu,2024,10,1017.18
2024-11-15,Oil & Gas,MW,Tamil Nadu,2024,11,1017.18
2024-12-15,Oil & Gas,MW,Tamil Nadu,2024,12,1017.18
2025-01-15,Oil & Gas,MW,Tamil Nadu,2025,1,1017.18
2025-02-15,Oil & Gas,MW,Tamil Nadu,2025,2,1017.18
2025-03-15,Oil & Gas,MW,Tamil Nadu,2025,3,1017.18
2025-04-15,Oil & Gas,MW,Tamil Nadu,2025,4,844.58
2025-05-15,Oil & Gas,MW,Tamil Nadu,2025,5,844.58
2025-06-15,Oil & Gas,MW,Tamil Nadu,2025,6,844.58
2025-07-15,Oil & Gas,MW,Tamil Nadu,2025,7,844.58
2025-08-15,Oil & Gas,MW,Tamil Nadu,2025,8,844.58
2024-01-15,Nuclear,MW,Tamil Nadu,2024,1,2440
2024-02-15,Nuclear,MW,Tamil Nadu,2024,2,2440
2024-03-15,Nuclear,MW,Tamil Nadu,2024,3,2440
2024-04-15,Nuclear,MW,Tamil Nadu,2024,4,2440
2024-05-15,Nuclear,MW,Tamil Nadu,2024,5,2440
2024-06-15,Nuclear,MW,Tamil Nadu,2024,6,2440
2024-07-15,Nuclear,MW,Tamil Nadu,2024,7,2440
2024-08-15,Nuclear,MW,Tamil Nadu,2024,8,2440
2024-09-15,Nuclear,MW,Tamil Nadu,2024,9,2440
2024-10-15,Nuclear,MW,Tamil Nadu,2024,10,2440
2024-11-15,Nuclear,MW,Tamil Nadu,2024,11,2440
2024-12-15,Nuclear,MW,Tamil Nadu,2024,12,2440
2025-01-15,Nuclear,MW,Tamil Nadu,2025,1,2440
2025-02-15,Nuclear,MW,Tamil Nadu,2025,2,2440
2025-03-15,Nuclear,MW,Tamil Nadu,2025,3,2440
2025-04-15,Nuclear,MW,Tamil Nadu,2025,4,2440
2025-05-15,Nuclear,MW,Tamil Nadu,2025,5,2440
2025-06-15,Nuclear,MW,Tamil Nadu,2025,6,2440
2025-07-15,Nuclear,MW,Tamil Nadu,2025,7,2440
2025-08-15,Nuclear,MW,Tamil Nadu,2025,8,2440
2024-01-15,Hydro,MW,Tamil Nadu,2024,1,2178.2
2024-02-15,Hydro,MW,Tamil Nadu,2024,2,2178.2
2024-03-15,Hydro,MW,Tamil Nadu,2024,3,2178.2
2024-04-15,Hydro,MW,Tamil Nadu,2024,4,2178.2
2024-05-15,Hydro,MW,Tamil Nadu,2024,5,2178.2
2024-06-15,Hydro,MW,Tamil Nadu,2024,6,2178.2
2024-07-15,Hydro,MW,Tamil Nadu,2024,7,2178.2
2024-08-15,Hydro,MW,Tamil Nadu,2024,8,2178.2
2024-09-15,Hydro,MW,Tamil Nadu,2024,9,2178.2
2024-10-15,Hydro,MW,Tamil Nadu,2024,10,2178.2
2024-11-15,Hydro,MW,Tamil Nadu,2024,11,2178.2
2024-12-15,Hydro,MW,Tamil Nadu,2024,12,2178.2
2025-01-15,Hydro,MW,Tamil Nadu,2025,1,2178.2
2025-02-15,Hydro,MW,Tamil Nadu,2025,2,2178.2
2025-03-15,Hydro,MW,Tamil Nadu,2025,3,2178.2
2025-04-15,Hydro,MW,Tamil Nadu,2025,4,2178.2
2025-05-15,Hydro,MW,Tamil Nadu,2025,5,2178.2
2025-06-15,Hydro,MW,Tamil Nadu,2025,6,2178.2
2025-07-15,Hydro,MW,Tamil Nadu,2025,7,2178.2
2025-08-15,Hydro,MW,Tamil Nadu,2025,8,2178.2
2024-01-15,Solar,MW,Tamil Nadu,2024,1,7426.94
2024-02-15,Solar,MW,Tamil Nadu,2024,2,7507.73
2024-03-15,Solar,MW,Tamil Nadu,2024,3,8211.38
2024-04-15,Solar,MW,Tamil Nadu,2024,4,8332.46
2024-05-15,Solar,MW,Tamil Nadu,2024,5,8389.24
2024-06-15,Solar,MW,Tamil Nadu,2024,6,8617.6
2024-07-15,Solar,MW,Tamil Nadu,2024,7,8831.86
2024-08-15,Solar,MW,Tamil Nadu,2024,8,8993.42
2024-09-15,Solar,MW,Tamil Nadu,2024,9,9270.2
2024-10-15,Solar,MW,Tamil Nadu,2024,10,9324.05
2024-11-15,Solar,MW,Tamil Nadu,2024,11,9427.06
2024-12-15,Solar,MW,Tamil Nadu,2024,12,9518.37
2025-01-15,Solar,MW,Tamil Nadu,2025,1,9541.97
2025-02-15,Solar,MW,Tamil Nadu,2025,2,9723.95
2025-03-15,Solar,MW,Tamil Nadu,2025,3,10153.58
2025-04-15,Solar,MW,Tamil Nadu,2025,4,10309.77
2025-05-15,Solar,MW,Tamil Nadu,2025,5,10433.27
2025-06-15,Solar,MW,Tamil Nadu,2025,6,10570.88
2025-07-15,Solar,MW,Tamil Nadu,2025,7,10823.98
2025-08-15,Solar,MW,Tamil Nadu,2025,8,10983.44
2024-01-15,Wind,MW,Tamil Nadu,2024,1,10441.1
2024-02-15,Wind,MW,Tamil Nadu,2024,2,10458.35
2024-03-15,Wind,MW,Tamil Nadu,2024,3,10603.54
2024-04-15,Wind,MW,Tamil Nadu,2024,4,10608.34
2024-05-15,Wind,MW,Tamil Nadu,2024,5,10743.04
2024-06-15,Wind,MW,Tamil Nadu,2024,6,10789.24
2024-07-15,Wind,MW,Tamil Nadu,2024,7,10881.34
2024-08-15,Wind,MW,Tamil Nadu,2024,8,10930.24
2024-09-15,Wind,MW,Tamil Nadu,2024,9,11042.44
2024-10-15,Wind,MW,Tamil Nadu,2024,10,11128.84
2024-11-15,Wind,MW,Tamil Nadu,2024,11,11317.24
2024-12-15,Wind,MW,Tamil Nadu,2024,12,11409.04
2025-01-15,Wind,MW,Tamil Nadu,2025,1,11444.44
2025-02-15,Wind,MW,Tamil Nadu,2025,2,11514.64
2025-03-15,Wind,MW,Tamil Nadu,2025,3,11739.91
2025-04-15,Wind,MW,Tamil Nadu,2025,4,11745.92
2025-05-15,Wind,MW,Tamil Nadu,2025,5,11765.07
2025-06-15,Wind,MW,Tamil Nadu,2025,6,11830.37
2025-07-15,Wind,MW,Tamil Nadu,2025,7,11851.12
2025-08-15,Wind,MW,Tamil Nadu,2025,8,11863.12
2024-01-15,Small-Hydro,MW,Tamil Nadu,2024,1,123.05
2024-02-15,Small-Hydro,MW,Tamil Nadu,2024,2,123.05
2024-03-15,Small-Hydro,MW,Tamil Nadu,2024,3,123.05
2024-04-15,Small-Hydro,MW,Tamil Nadu,2024,4,123.05
2024-05-15,Small-Hydro,MW,Tamil Nadu,2024,5,123.05
2024-06-15,Small-Hydro,MW,Tamil Nadu,2024,6,123.05
2024-07-15,Small-Hydro,MW,Tamil Nadu,2024,7,123.05
2024-08-15,Small-Hydro,MW,Tamil Nadu,2024,8,123.05
2024-09-15,Small-Hydro,MW,Tamil Nadu,2024,9,123.05
2024-10-15,Small-Hydro,MW,Tamil Nadu,2024,10,123.05
2024-11-15,Small-Hydro,MW,Tamil Nadu,2024,11,123.05
2024-12-15,Small-Hydro,MW,Tamil Nadu,2024,12,123.05
2025-01-15,Small-Hydro,MW,Tamil Nadu,2025,1,123.05
2025-02-15,Small-Hydro,MW,Tamil Nadu,2025,2,123.05
2025-03-15,Small-Hydro,MW,Tamil Nadu,2025,3,123.05
2025-04-15,Small-Hydro,MW,Tamil Nadu,2025,4,123.05
2025-05-15,Small-Hydro,MW,Tamil Nadu,2025,5,123.05
2025-06-15,Small-Hydro,MW,Tamil Nadu,2025,6,123.05
2025-07-15,Small-Hydro,MW,Tamil Nadu,2025,7,123.05
2025-08-15,Small-Hydro,MW,Tamil Nadu,2025,8,123.05
2024-01-15,Bio Power,MW,Tamil Nadu,2024,1,1043.7
2024-02-15,Bio Power,MW,Tamil Nadu,2024,2,1043.7
2024-03-15,Bio Power,MW,Tamil Nadu,2024,3,1045.45
2024-04-15,Bio Power,MW,Tamil Nadu,2024,4,1045.45
2024-05-15,Bio Power,MW,Tamil Nadu,2024,5,1045.45
2024-06-15,Bio Power,MW,Tamil Nadu,2024,6,1045.45
2024-07-15,Bio Power,MW,Tamil Nadu,2024,7,1045.45
2024-08-15,Bio Power,MW,Tamil Nadu,2024,8,1045.45
2024-09-15,Bio Power,MW,Tamil Nadu,2024,9,1045.45
2024-10-15,Bio Power,MW,Tamil Nadu,2024,10,1045.45
2024-11-15,Bio Power,MW,Tamil Nadu,2024,11,1045.45
2024-12-15,Bio Power,MW,Tamil Nadu,2024,12,1045.45
2025-01-15,Bio Power,MW,Tamil Nadu,2025,1,1045.45
2025-02-15,Bio Power,MW,Tamil Nadu,2025,2,1045.45
2025-03-15,Bio Power,MW,Tamil Nadu,2025,3,1046.62
2025-04-15,Bio Power,MW,Tamil Nadu,2025,4,1046.62
2025-05-15,Bio Power,MW,Tamil Nadu,2025,5,1046.62
2025-06-15,Bio Power,MW,Tamil Nadu,2025,6,1046.62
2025-07-15,Bio Power,MW,Tamil Nadu,2025,7,1046.62
2025-08-15,Bio Power,MW,Tamil Nadu,2025,8,1046.62
2024-01-15,Coal,MW,Kerala,2024,1,
2024-02-15,Coal,MW,Kerala,2024,2,
2024-03-15,Coal,MW,Kerala,2024,3,
2024-04-15,Coal,MW,Kerala,2024,4,
2024-05-15,Coal,MW,Kerala,2024,5,
2024-06-15,Coal,MW,Kerala,2024,6,
2024-07-15,Coal,MW,Kerala,2024,7,
2024-08-15,Coal,MW,Kerala,2024,8,
2024-09-15,Coal,MW,Kerala,2024,9,
2024-10-15,Coal,MW,Kerala,2024,10,
2024-11-15,Coal,MW,Kerala,2024,11,
2024-12-15,Coal,MW,Kerala,2024,12,
2025-01-15,Coal,MW,Kerala,2025,1,
2025-02-15,Coal,MW,Kerala,2025,2,
2025-03-15,Coal,MW,Kerala,2025,3,
2025-04-15,Coal,MW,Kerala,2025,4,
2025-05-15,Coal,MW,Kerala,2025,5,
2025-06-15,Coal,MW,Kerala,2025,6,
2025-07-15,Coal,MW,Kerala,2025,7,
2025-08-15,Coal,MW,Kerala,2025,8,
2024-01-15,Oil & Gas,MW,Kerala,2024,1,533.58
2024-02-15,Oil & Gas,MW,Kerala,2024,2,533.58
2024-03-15,Oil & Gas,MW,Kerala,2024,3,533.58
2024-04-15,Oil & Gas,MW,Kerala,2024,4,533.58
2024-05-15,Oil & Gas,MW,Kerala,2024,5,533.58
2024-06-15,Oil & Gas,MW,Kerala,2024,6,533.58
2024-07-15,Oil & Gas,MW,Kerala,2024,7,533.58
2024-08-15,Oil & Gas,MW,Kerala,2024,8,533.58
2024-09-15,Oil & Gas,MW,Kerala,2024,9,533.58
2024-10-15,Oil & Gas,MW,Kerala,2024,10,533.58
2024-11-15,Oil & Gas,MW,Kerala,2024,11,533.58
2024-12-15,Oil & Gas,MW,Kerala,2024,12,533.58
2025-01-15,Oil & Gas,MW,Kerala,2025,1,533.58
2025-02-15,Oil & Gas,MW,Kerala,2025,2,533.58
2025-03-15,Oil & Gas,MW,Kerala,2025,3,533.58
2025-04-15,Oil & Gas,MW,Kerala,2025,4,359.58
2025-05-15,Oil & Gas,MW,Kerala,2025,5,359.58
2025-06-15,Oil & Gas,MW,Kerala,2025,6,359.58
2025-07-15,Oil & Gas,MW,Kerala,2025,7,359.58
2025-08-15,Oil & Gas,MW,Kerala,2025,8,359.58
2024-01-15,Nuclear,MW,Kerala,2024,1,
2024-02-15,Nuclear,MW,Kerala,2024,2,
2024-03-15,Nuclear,MW,Kerala,2024,3,
2024-04-15,Nuclear,MW,Kerala,2024,4,
2024-05-15,Nuclear,MW,Kerala,2024,5,
2024-06-15,Nuclear,MW,Kerala,2024,6,
2024-07-15,Nuclear,MW,Kerala,2024,7,
2024-08-15,Nuclear,MW,Kerala,2024,8,
2024-09-15,Nuclear,MW,Kerala,2024,9,
2024-10-15,Nuclear,MW,Kerala,2024,10,
2024-11-15,Nuclear,MW,Kerala,2024,11,
2024-12-15,Nuclear,MW,Kerala,2024,12,
2025-01-15,Nuclear,MW,Kerala,2025,1,
2025-02-15,Nuclear,MW,Kerala,2025,2,
2025-03-15,Nuclear,MW,Kerala,2025,3,
2025-04-15,Nuclear,MW,Kerala,2025,4,
2025-05-15,Nuclear,MW,Kerala,2025,5,
2025-06-15,Nuclear,MW,Kerala,2025,6,
2025-07-15,Nuclear,MW,Kerala,2025,7,
2025-08-15,Nuclear,MW,Kerala,2025,8,
2024-01-15,Hydro,MW,Kerala,2024,1,1864.15
2024-02-15,Hydro,MW,Kerala,2024,2,1864.15
2024-03-15,Hydro,MW,Kerala,2024,3,1864.15
2024-04-15,Hydro,MW,Kerala,2024,4,1864.15
2024-05-15,Hydro,MW,Kerala,2024,5,1864.15
2024-06-15,Hydro,MW,Kerala,2024,6,1864.15
2024-07-15,Hydro,MW,Kerala,2024,7,1864.15
2024-08-15,Hydro,MW,Kerala,2024,8,1864.15
2024-09-15,Hydro,MW,Kerala,2024,9,1864.15
2024-10-15,Hydro,MW,Kerala,2024,10,1904.15
2024-11-15,Hydro,MW,Kerala,2024,11,1904.15
2024-12-15,Hydro,MW,Kerala,2024,12,1904.15
2025-01-15,Hydro,MW,Kerala,2025,1,1904.15
2025-02-15,Hydro,MW,Kerala,2025,2,1904.15
2025-03-15,Hydro,MW,Kerala,2025,3,1964.15
2025-04-15,Hydro,MW,Kerala,2025,4,1964.15
2025-05-15,Hydro,MW,Kerala,2025,5,1964.15
2025-06-15,Hydro,MW,Kerala,2025,6,1964.15
2025-07-15,Hydro,MW,Kerala,2025,7,1964.15
2025-08-15,Hydro,MW,Kerala,2025,8,1964.15
2024-01-15,Solar,MW,Kerala,2024,1,859.52
2024-02-15,Solar,MW,Kerala,2024,2,860.1
2024-03-15,Solar,MW,Kerala,2024,3,1022.79
2024-04-15,Solar,MW,Kerala,2024,4,1022.79
2024-05-15,Solar,MW,Kerala,2024,5,1128.38
2024-06-15,Solar,MW,Kerala,2024,6,1164.97
2024-07-15,Solar,MW,Kerala,2024,7,1164.97
2024-08-15,Solar,MW,Kerala,2024,8,1230.37
2024-09-15,Solar,MW,Kerala,2024,9,1261.76
2024-10-15,Solar,MW,Kerala,2024,10,1261.76
2024-11-15,Solar,MW,Kerala,2024,11,1313.66
2024-12-15,Solar,MW,Kerala,2024,12,1313.66
2025-01-15,Solar,MW,Kerala,2025,1,1351.74
2025-02-15,Solar,MW,Kerala,2025,2,1482.14
2025-03-15,Solar,MW,Kerala,2025,3,1538.94
2025-04-15,Solar,MW,Kerala,2025,4,1591.04
2025-05-15,Solar,MW,Kerala,2025,5,1723.64
2025-06-15,Solar,MW,Kerala,2025,6,1787.94
2025-07-15,Solar,MW,Kerala,2025,7,1792.34
2025-08-15,Solar,MW,Kerala,2025,8,1862.74
2024-01-15,Wind,MW,Kerala,2024,1,62.5
2024-02-15,Wind,MW,Kerala,2024,2,63.5
2024-03-15,Wind,MW,Kerala,2024,3,63.5
2024-04-15,Wind,MW,Kerala,2024,4,63.5
2024-05-15,Wind,MW,Kerala,2024,5,63.5
2024-06-15,Wind,MW,Kerala,2024,6,63.5
2024-07-15,Wind,MW,Kerala,2024,7,63.5
2024-08-15,Wind,MW,Kerala,2024,8,63.5
2024-09-15,Wind,MW,Kerala,2024,9,63.5
2024-10-15,Wind,MW,Kerala,2024,10,63.5
2024-11-15,Wind,MW,Kerala,2024,11,63.5
2024-12-15,Wind,MW,Kerala,2024,12,63.5
2025-01-15,Wind,MW,Kerala,2025,1,63.5
2025-02-15,Wind,MW,Kerala,2025,2,63.5
2025-03-15,Wind,MW,Kerala,2025,3,71.27
2025-04-15,Wind,MW,Kerala,2025,4,71.27
2025-05-15,Wind,MW,Kerala,2025,5,71.27
2025-06-15,Wind,MW,Kerala,2025,6,71.27
2025-07-15,Wind,MW,Kerala,2025,7,71.27
2025-08-15,Wind,MW,Kerala,2025,8,71.27
2024-01-15,Small-Hydro,MW,Kerala,2024,1,276.52
2024-02-15,Small-Hydro,MW,Kerala,2024,2,276.52
2024-03-15,Small-Hydro,MW,Kerala,2024,3,276.52
2024-04-15,Small-Hydro,MW,Kerala,2024,4,276.52
2024-05-15,Small-Hydro,MW,Kerala,2024,5,276.52
2024-06-15,Small-Hydro,MW,Kerala,2024,6,276.52
2024-07-15,Small-Hydro,MW,Kerala,2024,7,276.52
2024-08-15,Small-Hydro,MW,Kerala,2024,8,276.52
2024-09-15,Small-Hydro,MW,Kerala,2024,9,276.52
2024-10-15,Small-Hydro,MW,Kerala,2024,10,276.52
2024-11-15,Small-Hydro,MW,Kerala,2024,11,276.52
2024-12-15,Small-Hydro,MW,Kerala,2024,12,276.52
2025-01-15,Small-Hydro,MW,Kerala,2025,1,276.52
2025-02-15,Small-Hydro,MW,Kerala,2025,2,276.52
2025-03-15,Small-Hydro,MW,Kerala,2025,3,276.52
2025-04-15,Small-Hydro,MW,Kerala,2025,4,276.52
2025-05-15,Small-Hydro,MW,Kerala,2025,5,276.52
2025-06-15,Small-Hydro,MW,Kerala,2025,6,276.52
2025-07-15,Small-Hydro,MW,Kerala,2025,7,276.52
2025-08-15,Small-Hydro,MW,Kerala,2025,8,276.52
2024-01-15,Bio Power,MW,Kerala,2024,1,2.5
2024-02-15,Bio Power,MW,Kerala,2024,2,2.5
2024-03-15,Bio Power,MW,Kerala,2024,3,2.5
2024-04-15,Bio Power,MW,Kerala,2024,4,2.5
2024-05-15,Bio Power,MW,Kerala,2024,5,2.5
2024-06-15,Bio Power,MW,Kerala,2024,6,2.5
2024-07-15,Bio Power,MW,Kerala,2024,7,2.5
2024-08-15,Bio Power,MW,Kerala,2024,8,2.5
2024-09-15,Bio Power,MW,Kerala,2024,9,2.5
2024-10-15,Bio Power,MW,Kerala,2024,10,2.5
2024-11-15,Bio Power,MW,Kerala,2024,11,2.5
2024-12-15,Bio Power,MW,Kerala,2024,12,2.5
2025-01-15,Bio Power,MW,Kerala,2025,1,2.5
2025-02-15,Bio Power,MW,Kerala,2025,2,2.5
2025-03-15,Bio Power,MW,Kerala,2025,3,2.5
2025-04-15,Bio Power,MW,Kerala,2025,4,2.5
2025-05-15,Bio Power,MW,Kerala,2025,5,2.5
2025-06-15,Bio Power,MW,Kerala,2025,6,2.5
2025-07-15,Bio Power,MW,Kerala,2025,7,2.5
2025-08-15,Bio Power,MW,Kerala,2025,8,2.5
2024-01-15,Oil & Gas,MW,Tripura,2024,1,1067.6
2024-02-15,Oil & Gas,MW,Tripura,2024,2,1067.6
2024-03-15,Oil & Gas,MW,Tripura,2024,3,1067.6
2024-04-15,Oil & Gas,MW,Tripura,2024,4,1067.6
2024-05-15,Oil & Gas,MW,Tripura,2024,5,1067.6
2024-06-15,Oil & Gas,MW,Tripura,2024,6,1067.6
2024-07-15,Oil & Gas,MW,Tripura,2024,7,1067.6
2024-08-15,Oil & Gas,MW,Tripura,2024,8,1067.6
2024-09-15,Oil & Gas,MW,Tripura,2024,9,1067.6
2024-10-15,Oil & Gas,MW,Tripura,2024,10,1067.6
2024-11-15,Oil & Gas,MW,Tripura,2024,11,1067.6
2024-12-15,Oil & Gas,MW,Tripura,2024,12,1067.6
2025-01-15,Oil & Gas,MW,Tripura,2025,1,1067.6
2025-02-15,Oil & Gas,MW,Tripura,2025,2,1067.6
2025-03-15,Oil & Gas,MW,Tripura,2025,3,1067.6
2025-04-15,Oil & Gas,MW,Tripura,2025,4,1067.6
2025-05-15,Oil & Gas,MW,Tripura,2025,5,1067.6
2025-06-15,Oil & Gas,MW,Tripura,2025,6,1067.6
2025-07-15,Oil & Gas,MW,Tripura,2025,7,1067.6
2025-08-15,Oil & Gas,MW,Tripura,2025,8,1067.6
2024-01-15,Hydro,MW,Tripura,2024,1,
2024-02-15,Hydro,MW,Tripura,2024,2,
2024-03-15,Hydro,MW,Tripura,2024,3,
2024-04-15,Hydro,MW,Tripura,2024,4,
2024-05-15,Hydro,MW,Tripura,2024,5,
2024-06-15,Hydro,MW,Tripura,2024,6,
2024-07-15,Hydro,MW,Tripura,2024,7,
2024-08-15,Hydro,MW,Tripura,2024,8,
2024-09-15,Hydro,MW,Tripura,2024,9,
2024-10-15,Hydro,MW,Tripura,2024,10,
2024-11-15,Hydro,MW,Tripura,2024,11,
2024-12-15,Hydro,MW,Tripura,2024,12,
2025-01-15,Hydro,MW,Tripura,2025,1,
2025-02-15,Hydro,MW,Tripura,2025,2,
2025-03-15,Hydro,MW,Tripura,2025,3,
2025-04-15,Hydro,MW,Tripura,2025,4,
2025-05-15,Hydro,MW,Tripura,2025,5,
2025-06-15,Hydro,MW,Tripura,2025,6,
2025-07-15,Hydro,MW,Tripura,2025,7,
2025-08-15,Hydro,MW,Tripura,2025,8,
2024-01-15,Solar,MW,Tripura,2024,1,18.47
2024-02-15,Solar,MW,Tripura,2024,2,18.46
2024-03-15,Solar,MW,Tripura,2024,3,18.46
2024-04-15,Solar,MW,Tripura,2024,4,19.18
2024-05-15,Solar,MW,Tripura,2024,5,19.18
2024-06-15,Solar,MW,Tripura,2024,6,19.74
2024-07-15,Solar,MW,Tripura,2024,7,20.26
2024-08-15,Solar,MW,Tripura,2024,8,20.26
2024-09-15,Solar,MW,Tripura,2024,9,20.43
2024-10-15,Solar,MW,Tripura,2024,10,20.93
2024-11-15,Solar,MW,Tripura,2024,11,21.04
2024-12-15,Solar,MW,Tripura,2024,12,21.23
2025-01-15,Solar,MW,Tripura,2025,1,21.24
2025-02-15,Solar,MW,Tripura,2025,2,21.24
2025-03-15,Solar,MW,Tripura,2025,3,21.24
2025-04-15,Solar,MW,Tripura,2025,4,21.24
2025-05-15,Solar,MW,Tripura,2025,5,21.24
2025-06-15,Solar,MW,Tripura,2025,6,21.71
2025-07-15,Solar,MW,Tripura,2025,7,29.11
2025-08-15,Solar,MW,Tripura,2025,8,29.54
2024-01-15,Small-Hydro,MW,Tripura,2024,1,16.01
2024-02-15,Small-Hydro,MW,Tripura,2024,2,16.01
2024-03-15,Small-Hydro,MW,Tripura,2024,3,16.01
2024-04-15,Small-Hydro,MW,Tripura,2024,4,16.01
2024-05-15,Small-Hydro,MW,Tripura,2024,5,16.01
2024-06-15,Small-Hydro,MW,Tripura,2024,6,16.01
2024-07-15,Small-Hydro,MW,Tripura,2024,7,16.01
2024-08-15,Small-Hydro,MW,Tripura,2024,8,16.01
2024-09-15,Small-Hydro,MW,Tripura,2024,9,16.01
2024-10-15,Small-Hydro,MW,Tripura,2024,10,16.01
2024-11-15,Small-Hydro,MW,Tripura,2024,11,16.01
2024-12-15,Small-Hydro,MW,Tripura,2024,12,16.01
2025-01-15,Small-Hydro,MW,Tripura,2025,1,16.01
2025-02-15,Small-Hydro,MW,Tripura,2025,2,16.01
2025-03-15,Small-Hydro,MW,Tripura,2025,3,16.01
2025-04-15,Small-Hydro,MW,Tripura,2025,4,16.01
2025-05-15,Small-Hydro,MW,Tripura,2025,5,16.01
2025-06-15,Small-Hydro,MW,Tripura,2025,6,16.01
2025-07-15,Small-Hydro,MW,Tripura,2025,7,16.01
2025-08-15,Small-Hydro,MW,Tripura,2025,8,16.01
2024-01-15,Bio Power,MW,Tripura,2024,1,
2024-02-15,Bio Power,MW,Tripura,2024,2,
2024-03-15,Bio Power,MW,Tripura,2024,3,
2024-04-15,Bio Power,MW,Tripura,2024,4,
2024-05-15,Bio Power,MW,Tripura,2024,5,
2024-06-15,Bio Power,MW,Tripura,2024,6,
2024-07-15,Bio Power,MW,Tripura,2024,7,
2024-08-15,Bio Power,MW,Tripura,2024,8,
2024-09-15,Bio Power,MW,Tripura,2024,9,
2024-10-15,Bio Power,MW,Tripura,2024,10,
2024-11-15,Bio Power,MW,Tripura,2024,11,
2024-12-15,Bio Power,MW,Tripura,2024,12,
2025-01-15,Bio Power,MW,Tripura,2025,1,
2025-02-15,Bio Power,MW,Tripura,2025,2,
2025-03-15,Bio Power,MW,Tripura,2025,3,
2025-04-15,Bio Power,MW,Tripura,2025,4,
2025-05-15,Bio Power,MW,Tripura,2025,5,
2025-06-15,Bio Power,MW,Tripura,2025,6,
2025-07-15,Bio Power,MW,Tripura,2025,7,
2025-08-15,Bio Power,MW,Tripura,2025,8,
2024-01-15,Oil & Gas,MW,Meghalaya,2024,1,
2024-02-15,Oil & Gas,MW,Meghalaya,2024,2,
2024-03-15,Oil & Gas,MW,Meghalaya,2024,3,
2024-04-15,Oil & Gas,MW,Meghalaya,2024,4,
2024-05-15,Oil & Gas,MW,Meghalaya,2024,5,
2024-06-15,Oil & Gas,MW,Meghalaya,2024,6,
2024-07-15,Oil & Gas,MW,Meghalaya,2024,7,
2024-08-15,Oil & Gas,MW,Meghalaya,2024,8,
2024-09-15,Oil & Gas,MW,Meghalaya,2024,9,
2024-10-15,Oil & Gas,MW,Meghalaya,2024,10,
2024-11-15,Oil & Gas,MW,Meghalaya,2024,11,
2024-12-15,Oil & Gas,MW,Meghalaya,2024,12,
2025-01-15,Oil & Gas,MW,Meghalaya,2025,1,
2025-02-15,Oil & Gas,MW,Meghalaya,2025,2,
2025-03-15,Oil & Gas,MW,Meghalaya,2025,3,
2025-04-15,Oil & Gas,MW,Meghalaya,2025,4,
2025-05-15,Oil & Gas,MW,Meghalaya,2025,5,
2025-06-15,Oil & Gas,MW,Meghalaya,2025,6,
2025-07-15,Oil & Gas,MW,Meghalaya,2025,7,
2025-08-15,Oil & Gas,MW,Meghalaya,2025,8,
2024-01-15,Hydro,MW,Meghalaya,2024,1,322
2024-02-15,Hydro,MW,Meghalaya,2024,2,322
2024-03-15,Hydro,MW,Meghalaya,2024,3,322
2024-04-15,Hydro,MW,Meghalaya,2024,4,322
2024-05-15,Hydro,MW,Meghalaya,2024,5,322
2024-06-15,Hydro,MW,Meghalaya,2024,6,322
2024-07-15,Hydro,MW,Meghalaya,2024,7,322
2024-08-15,Hydro,MW,Meghalaya,2024,8,322
2024-09-15,Hydro,MW,Meghalaya,2024,9,322
2024-10-15,Hydro,MW,Meghalaya,2024,10,322
2024-11-15,Hydro,MW,Meghalaya,2024,11,322
2024-12-15,Hydro,MW,Meghalaya,2024,12,322
2025-01-15,Hydro,MW,Meghalaya,2025,1,322
2025-02-15,Hydro,MW,Meghalaya,2025,2,322
2025-03-15,Hydro,MW,Meghalaya,2025,3,322
2025-04-15,Hydro,MW,Meghalaya,2025,4,322
2025-05-15,Hydro,MW,Meghalaya,2025,5,322
2025-06-15,Hydro,MW,Meghalaya,2025,6,322
2025-07-15,Hydro,MW,Meghalaya,2025,7,322
2025-08-15,Hydro,MW,Meghalaya,2025,8,322
2024-01-15,Solar,MW,Meghalaya,2024,1,4.19
2024-02-15,Solar,MW,Meghalaya,2024,2,4.19
2024-03-15,Solar,MW,Meghalaya,2024,3,4.24
2024-04-15,Solar,MW,Meghalaya,2024,4,4.26
2024-05-15,Solar,MW,Meghalaya,2024,5,4.28
2024-06-15,Solar,MW,Meghalaya,2024,6,4.28
2024-07-15,Solar,MW,Meghalaya,2024,7,4.28
2024-08-15,Solar,MW,Meghalaya,2024,8,4.28
2024-09-15,Solar,MW,Meghalaya,2024,9,4.28
2024-10-15,Solar,MW,Meghalaya,2024,10,4.28
2024-11-15,Solar,MW,Meghalaya,2024,11,4.28
2024-12-15,Solar,MW,Meghalaya,2024,12,4.28
2025-01-15,Solar,MW,Meghalaya,2025,1,4.28
2025-02-15,Solar,MW,Meghalaya,2025,2,4.28
2025-03-15,Solar,MW,Meghalaya,2025,3,4.28
2025-04-15,Solar,MW,Meghalaya,2025,4,4.28
2025-05-15,Solar,MW,Meghalaya,2025,5,4.28
2025-06-15,Solar,MW,Meghalaya,2025,6,4.28
2025-07-15,Solar,MW,Meghalaya,2025,7,4.28
2025-08-15,Solar,MW,Meghalaya,2025,8,4.28
2024-01-15,Small-Hydro,MW,Meghalaya,2024,1,55.03
2024-02-15,Small-Hydro,MW,Meghalaya,2024,2,55.03
2024-03-15,Small-Hydro,MW,Meghalaya,2024,3,55.03
2024-04-15,Small-Hydro,MW,Meghalaya,2024,4,55.03
2024-05-15,Small-Hydro,MW,Meghalaya,2024,5,55.03
2024-06-15,Small-Hydro,MW,Meghalaya,2024,6,55.03
2024-07-15,Small-Hydro,MW,Meghalaya,2024,7,55.03
2024-08-15,Small-Hydro,MW,Meghalaya,2024,8,55.03
2024-09-15,Small-Hydro,MW,Meghalaya,2024,9,55.03
2024-10-15,Small-Hydro,MW,Meghalaya,2024,10,55.03
2024-11-15,Small-Hydro,MW,Meghalaya,2024,11,55.03
2024-12-15,Small-Hydro,MW,Meghalaya,2024,12,55.03
2025-01-15,Small-Hydro,MW,Meghalaya,2025,1,55.03
2025-02-15,Small-Hydro,MW,Meghalaya,2025,2,55.03
2025-03-15,Small-Hydro,MW,Meghalaya,2025,3,55.03
2025-04-15,Small-Hydro,MW,Meghalaya,2025,4,55.03
2025-05-15,Small-Hydro,MW,Meghalaya,2025,5,55.03
2025-06-15,Small-Hydro,MW,Meghalaya,2025,6,55.03
2025-07-15,Small-Hydro,MW,Meghalaya,2025,7,55.03
2025-08-15,Small-Hydro,MW,Meghalaya,2025,8,55.03
2024-01-15,Bio Power,MW,Meghalaya,2024,1,13.8
2024-02-15,Bio Power,MW,Meghalaya,2024,2,13.8
2024-03-15,Bio Power,MW,Meghalaya,2024,3,13.8
2024-04-15,Bio Power,MW,Meghalaya,2024,4,13.8
2024-05-15,Bio Power,MW,Meghalaya,2024,5,13.8
2024-06-15,Bio Power,MW,Meghalaya,2024,6,13.8
2024-07-15,Bio Power,MW,Meghalaya,2024,7,13.8
2024-08-15,Bio Power,MW,Meghalaya,2024,8,13.8
2024-09-15,Bio Power,MW,Meghalaya,2024,9,13.8
2024-10-15,Bio Power,MW,Meghalaya,2024,10,13.8
2024-11-15,Bio Power,MW,Meghalaya,2024,11,13.8
2024-12-15,Bio Power,MW,Meghalaya,2024,12,13.8
2025-01-15,Bio Power,MW,Meghalaya,2025,1,13.8
2025-02-15,Bio Power,MW,Meghalaya,2025,2,13.8
2025-03-15,Bio Power,MW,Meghalaya,2025,3,13.8
2025-04-15,Bio Power,MW,Meghalaya,2025,4,13.8
2025-05-15,Bio Power,MW,Meghalaya,2025,5,13.8
2025-06-15,Bio Power,MW,Meghalaya,2025,6,13.8
2025-07-15,Bio Power,MW,Meghalaya,2025,7,13.8
2025-08-15,Bio Power,MW,Meghalaya,2025,8,13.8
2024-01-15,Oil & Gas,MW,Manipur,2024,1,
2024-02-15,Oil & Gas,MW,Manipur,2024,2,
2024-03-15,Oil & Gas,MW,Manipur,2024,3,
2024-04-15,Oil & Gas,MW,Manipur,2024,4,
2024-05-15,Oil & Gas,MW,Manipur,2024,5,
2024-06-15,Oil & Gas,MW,Manipur,2024,6,
2024-07-15,Oil & Gas,MW,Manipur,2024,7,
2024-08-15,Oil & Gas,MW,Manipur,2024,8,
2024-09-15,Oil & Gas,MW,Manipur,2024,9,
2024-10-15,Oil & Gas,MW,Manipur,2024,10,
2024-11-15,Oil & Gas,MW,Manipur,2024,11,
2024-12-15,Oil & Gas,MW,Manipur,2024,12,
2025-01-15,Oil & Gas,MW,Manipur,2025,1,
2025-02-15,Oil & Gas,MW,Manipur,2025,2,
2025-03-15,Oil & Gas,MW,Manipur,2025,3,
2025-04-15,Oil & Gas,MW,Manipur,2025,4,
2025-05-15,Oil & Gas,MW,Manipur,2025,5,
2025-06-15,Oil & Gas,MW,Manipur,2025,6,
2025-07-15,Oil & Gas,MW,Manipur,2025,7,
2025-08-15,Oil & Gas,MW,Manipur,2025,8,
2024-01-15,Hydro,MW,Manipur,2024,1,105
2024-02-15,Hydro,MW,Manipur,2024,2,105
2024-03-15,Hydro,MW,Manipur,2024,3,105
2024-04-15,Hydro,MW,Manipur,2024,4,105
2024-05-15,Hydro,MW,Manipur,2024,5,105
2024-06-15,Hydro,MW,Manipur,2024,6,105
2024-07-15,Hydro,MW,Manipur,2024,7,105
2024-08-15,Hydro,MW,Manipur,2024,8,105
2024-09-15,Hydro,MW,Manipur,2024,9,105
2024-10-15,Hydro,MW,Manipur,2024,10,105
2024-11-15,Hydro,MW,Manipur,2024,11,105
2024-12-15,Hydro,MW,Manipur,2024,12,105
2025-01-15,Hydro,MW,Manipur,2025,1,105
2025-02-15,Hydro,MW,Manipur,2025,2,105
2025-03-15,Hydro,MW,Manipur,2025,3,105
2025-04-15,Hydro,MW,Manipur,2025,4,105
2025-05-15,Hydro,MW,Manipur,2025,5,105
2025-06-15,Hydro,MW,Manipur,2025,6,105
2025-07-15,Hydro,MW,Manipur,2025,7,105
2025-08-15,Hydro,MW,Manipur,2025,8,105
2024-01-15,Solar,MW,Manipur,2024,1,13.04
2024-02-15,Solar,MW,Manipur,2024,2,13.04
2024-03-15,Solar,MW,Manipur,2024,3,13.04
2024-04-15,Solar,MW,Manipur,2024,4,13.04
2024-05-15,Solar,MW,Manipur,2024,5,13.04
2024-06-15,Solar,MW,Manipur,2024,6,13.04
2024-07-15,Solar,MW,Manipur,2024,7,13.04
2024-08-15,Solar,MW,Manipur,2024,8,13.04
2024-09-15,Solar,MW,Manipur,2024,9,13.79
2024-10-15,Solar,MW,Manipur,2024,10,13.79
2024-11-15,Solar,MW,Manipur,2024,11,13.79
2024-12-15,Solar,MW,Manipur,2024,12,13.79
2025-01-15,Solar,MW,Manipur,2025,1,13.79
2025-02-15,Solar,MW,Manipur,2025,2,13.79
2025-03-15,Solar,MW,Manipur,2025,3,13.79
2025-04-15,Solar,MW,Manipur,2025,4,13.79
2025-05-15,Solar,MW,Manipur,2025,5,13.79
2025-06-15,Solar,MW,Manipur,2025,6,13.79
2025-07-15,Solar,MW,Manipur,2025,7,16.88
2025-08-15,Solar,MW,Manipur,2025,8,16.88
2024-01-15,Small-Hydro,MW,Manipur,2024,1,5.45
2024-02-15,Small-Hydro,MW,Manipur,2024,2,5.45
2024-03-15,Small-Hydro,MW,Manipur,2024,3,5.45
2024-04-15,Small-Hydro,MW,Manipur,2024,4,5.45
2024-05-15,Small-Hydro,MW,Manipur,2024,5,5.45
2024-06-15,Small-Hydro,MW,Manipur,2024,6,5.45
2024-07-15,Small-Hydro,MW,Manipur,2024,7,5.45
2024-08-15,Small-Hydro,MW,Manipur,2024,8,5.45
2024-09-15,Small-Hydro,MW,Manipur,2024,9,5.45
2024-10-15,Small-Hydro,MW,Manipur,2024,10,5.45
2024-11-15,Small-Hydro,MW,Manipur,2024,11,5.45
2024-12-15,Small-Hydro,MW,Manipur,2024,12,5.45
2025-01-15,Small-Hydro,MW,Manipur,2025,1,5.45
2025-02-15,Small-Hydro,MW,Manipur,2025,2,5.45
2025-03-15,Small-Hydro,MW,Manipur,2025,3,5.45
2025-04-15,Small-Hydro,MW,Manipur,2025,4,5.45
2025-05-15,Small-Hydro,MW,Manipur,2025,5,5.45
2025-06-15,Small-Hydro,MW,Manipur,2025,6,5.45
2025-07-15,Small-Hydro,MW,Manipur,2025,7,5.45
2025-08-15,Small-Hydro,MW,Manipur,2025,8,5.45
2024-01-15,Bio Power,MW,Manipur,2024,1,
2024-02-15,Bio Power,MW,Manipur,2024,2,
2024-03-15,Bio Power,MW,Manipur,2024,3,
2024-04-15,Bio Power,MW,Manipur,2024,4,
2024-05-15,Bio Power,MW,Manipur,2024,5,
2024-06-15,Bio Power,MW,Manipur,2024,6,
2024-07-15,Bio Power,MW,Manipur,2024,7,
2024-08-15,Bio Power,MW,Manipur,2024,8,
2024-09-15,Bio Power,MW,Manipur,2024,9,
2024-10-15,Bio Power,MW,Manipur,2024,10,
2024-11-15,Bio Power,MW,Manipur,2024,11,
2024-12-15,Bio Power,MW,Manipur,2024,12,
2025-01-15,Bio Power,MW,Manipur,2025,1,
2025-02-15,Bio Power,MW,Manipur,2025,2,
2025-03-15,Bio Power,MW,Manipur,2025,3,
2025-04-15,Bio Power,MW,Manipur,2025,4,
2025-05-15,Bio Power,MW,Manipur,2025,5,
2025-06-15,Bio Power,MW,Manipur,2025,6,
2025-07-15,Bio Power,MW,Manipur,2025,7,
2025-08-15,Bio Power,MW,Manipur,2025,8,
2024-01-15,Oil & Gas,MW,Mizoram,2024,1,
2024-02-15,Oil & Gas,MW,Mizoram,2024,2,
2024-03-15,Oil & Gas,MW,Mizoram,2024,3,
2024-04-15,Oil & Gas,MW,Mizoram,2024,4,
2024-05-15,Oil & Gas,MW,Mizoram,2024,5,
2024-06-15,Oil & Gas,MW,Mizoram,2024,6,
2024-07-15,Oil & Gas,MW,Mizoram,2024,7,
2024-08-15,Oil & Gas,MW,Mizoram,2024,8,
2024-09-15,Oil & Gas,MW,Mizoram,2024,9,
2024-10-15,Oil & Gas,MW,Mizoram,2024,10,
2024-11-15,Oil & Gas,MW,Mizoram,2024,11,
2024-12-15,Oil & Gas,MW,Mizoram,2024,12,
2025-01-15,Oil & Gas,MW,Mizoram,2025,1,
2025-02-15,Oil & Gas,MW,Mizoram,2025,2,
2025-03-15,Oil & Gas,MW,Mizoram,2025,3,
2025-04-15,Oil & Gas,MW,Mizoram,2025,4,
2025-05-15,Oil & Gas,MW,Mizoram,2025,5,
2025-06-15,Oil & Gas,MW,Mizoram,2025,6,
2025-07-15,Oil & Gas,MW,Mizoram,2025,7,
2025-08-15,Oil & Gas,MW,Mizoram,2025,8,
2024-01-15,Hydro,MW,Mizoram,2024,1,60
2024-02-15,Hydro,MW,Mizoram,2024,2,60
2024-03-15,Hydro,MW,Mizoram,2024,3,60
2024-04-15,Hydro,MW,Mizoram,2024,4,60
2024-05-15,Hydro,MW,Mizoram,2024,5,60
2024-06-15,Hydro,MW,Mizoram,2024,6,60
2024-07-15,Hydro,MW,Mizoram,2024,7,60
2024-08-15,Hydro,MW,Mizoram,2024,8,60
2024-09-15,Hydro,MW,Mizoram,2024,9,60
2024-10-15,Hydro,MW,Mizoram,2024,10,60
2024-11-15,Hydro,MW,Mizoram,2024,11,60
2024-12-15,Hydro,MW,Mizoram,2024,12,60
2025-01-15,Hydro,MW,Mizoram,2025,1,60
2025-02-15,Hydro,MW,Mizoram,2025,2,60
2025-03-15,Hydro,MW,Mizoram,2025,3,60
2025-04-15,Hydro,MW,Mizoram,2025,4,60
2025-05-15,Hydro,MW,Mizoram,2025,5,60
2025-06-15,Hydro,MW,Mizoram,2025,6,60
2025-07-15,Hydro,MW,Mizoram,2025,7,60
2025-08-15,Hydro,MW,Mizoram,2025,8,60
2024-01-15,Solar,MW,Mizoram,2024,1,30.42
2024-02-15,Solar,MW,Mizoram,2024,2,30.42
2024-03-15,Solar,MW,Mizoram,2024,3,30.31
2024-04-15,Solar,MW,Mizoram,2024,4,30.31
2024-05-15,Solar,MW,Mizoram,2024,5,30.31
2024-06-15,Solar,MW,Mizoram,2024,6,30.31
2024-07-15,Solar,MW,Mizoram,2024,7,30.31
2024-08-15,Solar,MW,Mizoram,2024,8,30.31
2024-09-15,Solar,MW,Mizoram,2024,9,30.31
2024-10-15,Solar,MW,Mizoram,2024,10,30.35
2024-11-15,Solar,MW,Mizoram,2024,11,30.35
2024-12-15,Solar,MW,Mizoram,2024,12,30.39
2025-01-15,Solar,MW,Mizoram,2025,1,30.39
2025-02-15,Solar,MW,Mizoram,2025,2,30.39
2025-03-15,Solar,MW,Mizoram,2025,3,30.39
2025-04-15,Solar,MW,Mizoram,2025,4,30.39
2025-05-15,Solar,MW,Mizoram,2025,5,30.39
2025-06-15,Solar,MW,Mizoram,2025,6,30.39
2025-07-15,Solar,MW,Mizoram,2025,7,31.39
2025-08-15,Solar,MW,Mizoram,2025,8,31.39
2024-01-15,Small-Hydro,MW,Mizoram,2024,1,45.47
2024-02-15,Small-Hydro,MW,Mizoram,2024,2,45.47
2024-03-15,Small-Hydro,MW,Mizoram,2024,3,45.47
2024-04-15,Small-Hydro,MW,Mizoram,2024,4,45.47
2024-05-15,Small-Hydro,MW,Mizoram,2024,5,45.47
2024-06-15,Small-Hydro,MW,Mizoram,2024,6,45.47
2024-07-15,Small-Hydro,MW,Mizoram,2024,7,45.47
2024-08-15,Small-Hydro,MW,Mizoram,2024,8,45.47
2024-09-15,Small-Hydro,MW,Mizoram,2024,9,45.47
2024-10-15,Small-Hydro,MW,Mizoram,2024,10,45.47
2024-11-15,Small-Hydro,MW,Mizoram,2024,11,45.47
2024-12-15,Small-Hydro,MW,Mizoram,2024,12,45.47
2025-01-15,Small-Hydro,MW,Mizoram,2025,1,45.47
2025-02-15,Small-Hydro,MW,Mizoram,2025,2,45.47
2025-03-15,Small-Hydro,MW,Mizoram,2025,3,45.47
2025-04-15,Small-Hydro,MW,Mizoram,2025,4,45.47
2025-05-15,Small-Hydro,MW,Mizoram,2025,5,45.47
2025-06-15,Small-Hydro,MW,Mizoram,2025,6,45.47
2025-07-15,Small-Hydro,MW,Mizoram,2025,7,45.47
2025-08-15,Small-Hydro,MW,Mizoram,2025,8,45.47
2024-01-15,Bio Power,MW,Mizoram,2024,1,
2024-02-15,Bio Power,MW,Mizoram,2024,2,
2024-03-15,Bio Power,MW,Mizoram,2024,3,
2024-04-15,Bio Power,MW,Mizoram,2024,4,
2024-05-15,Bio Power,MW,Mizoram,2024,5,
2024-06-15,Bio Power,MW,Mizoram,2024,6,
2024-07-15,Bio Power,MW,Mizoram,2024,7,
2024-08-15,Bio Power,MW,Mizoram,2024,8,
2024-09-15,Bio Power,MW,Mizoram,2024,9,
2024-10-15,Bio Power,MW,Mizoram,2024,10,
2024-11-15,Bio Power,MW,Mizoram,2024,11,
2024-12-15,Bio Power,MW,Mizoram,2024,12,
2025-01-15,Bio Power,MW,Mizoram,2025,1,
2025-02-15,Bio Power,MW,Mizoram,2025,2,
2025-03-15,Bio Power,MW,Mizoram,2025,3,
2025-04-15,Bio Power,MW,Mizoram,2025,4,
2025-05-15,Bio Power,MW,Mizoram,2025,5,
2025-06-15,Bio Power,MW,Mizoram,2025,6,
2025-07-15,Bio Power,MW,Mizoram,2025,7,
2025-08-15,Bio Power,MW,Mizoram,2025,8,
2024-01-15,Coal,MW,Uttar Pradesh,2024,1,24075
2024-02-15,Coal,MW,Uttar Pradesh,2024,2,25395
2024-03-15,Coal,MW,Uttar Pradesh,2024,3,25395
2024-04-15,Coal,MW,Uttar Pradesh,2024,4,25395
2024-05-15,Coal,MW,Uttar Pradesh,2024,5,25395
2024-06-15,Coal,MW,Uttar Pradesh,2024,6,25395
2024-07-15,Coal,MW,Uttar Pradesh,2024,7,25395
2024-08-15,Coal,MW,Uttar Pradesh,2024,8,25395
2024-09-15,Coal,MW,Uttar Pradesh,2024,9,25395
2024-10-15,Coal,MW,Uttar Pradesh,2024,10,25395
2024-11-15,Coal,MW,Uttar Pradesh,2024,11,25395
2024-12-15,Coal,MW,Uttar Pradesh,2024,12,26715
2025-01-15,Coal,MW,Uttar Pradesh,2025,1,27375
2025-02-15,Coal,MW,Uttar Pradesh,2025,2,28035
2025-03-15,Coal,MW,Uttar Pradesh,2025,3,28035
2025-04-15,Coal,MW,Uttar Pradesh,2025,4,28035
2025-05-15,Coal,MW,Uttar Pradesh,2025,5,28035
2025-06-15,Coal,MW,Uttar Pradesh,2025,6,28695
2025-07-15,Coal,MW,Uttar Pradesh,2025,7,28695
2025-08-15,Coal,MW,Uttar Pradesh,2025,8,28695
2024-01-15,Oil & Gas,MW,Uttar Pradesh,2024,1,1493.14
2024-02-15,Oil & Gas,MW,Uttar Pradesh,2024,2,1493.14
2024-03-15,Oil & Gas,MW,Uttar Pradesh,2024,3,1493.14
2024-04-15,Oil & Gas,MW,Uttar Pradesh,2024,4,1493.14
2024-05-15,Oil & Gas,MW,Uttar Pradesh,2024,5,1493.14
2024-06-15,Oil & Gas,MW,Uttar Pradesh,2024,6,1493.14
2024-07-15,Oil & Gas,MW,Uttar Pradesh,2024,7,1493.14
2024-08-15,Oil & Gas,MW,Uttar Pradesh,2024,8,1493.14
2024-09-15,Oil & Gas,MW,Uttar Pradesh,2024,9,1493.14
2024-10-15,Oil & Gas,MW,Uttar Pradesh,2024,10,1493.14
2024-11-15,Oil & Gas,MW,Uttar Pradesh,2024,11,1493.14
2024-12-15,Oil & Gas,MW,Uttar Pradesh,2024,12,1493.14
2025-01-15,Oil & Gas,MW,Uttar Pradesh,2025,1,1493.14
2025-02-15,Oil & Gas,MW,Uttar Pradesh,2025,2,1493.14
2025-03-15,Oil & Gas,MW,Uttar Pradesh,2025,3,1493.14
2025-04-15,Oil & Gas,MW,Uttar Pradesh,2025,4,1493.14
2025-05-15,Oil & Gas,MW,Uttar Pradesh,2025,5,1493.14
2025-06-15,Oil & Gas,MW,Uttar Pradesh,2025,6,1493.14
2025-07-15,Oil & Gas,MW,Uttar Pradesh,2025,7,1493.14
2025-08-15,Oil & Gas,MW,Uttar Pradesh,2025,8,1493.14
2024-01-15,Nuclear,MW,Uttar Pradesh,2024,1,440
2024-02-15,Nuclear,MW,Uttar Pradesh,2024,2,440
2024-03-15,Nuclear,MW,Uttar Pradesh,2024,3,440
2024-04-15,Nuclear,MW,Uttar Pradesh,2024,4,440
2024-05-15,Nuclear,MW,Uttar Pradesh,2024,5,440
2024-06-15,Nuclear,MW,Uttar Pradesh,2024,6,440
2024-07-15,Nuclear,MW,Uttar Pradesh,2024,7,440
2024-08-15,Nuclear,MW,Uttar Pradesh,2024,8,440
2024-09-15,Nuclear,MW,Uttar Pradesh,2024,9,440
2024-10-15,Nuclear,MW,Uttar Pradesh,2024,10,440
2024-11-15,Nuclear,MW,Uttar Pradesh,2024,11,440
2024-12-15,Nuclear,MW,Uttar Pradesh,2024,12,440
2025-01-15,Nuclear,MW,Uttar Pradesh,2025,1,440
2025-02-15,Nuclear,MW,Uttar Pradesh,2025,2,440
2025-03-15,Nuclear,MW,Uttar Pradesh,2025,3,440
2025-04-15,Nuclear,MW,Uttar Pradesh,2025,4,440
2025-05-15,Nuclear,MW,Uttar Pradesh,2025,5,440
2025-06-15,Nuclear,MW,Uttar Pradesh,2025,6,440
2025-07-15,Nuclear,MW,Uttar Pradesh,2025,7,440
2025-08-15,Nuclear,MW,Uttar Pradesh,2025,8,440
2024-01-15,Hydro,MW,Uttar Pradesh,2024,1,501.6
2024-02-15,Hydro,MW,Uttar Pradesh,2024,2,501.6
2024-03-15,Hydro,MW,Uttar Pradesh,2024,3,501.6
2024-04-15,Hydro,MW,Uttar Pradesh,2024,4,501.6
2024-05-15,Hydro,MW,Uttar Pradesh,2024,5,501.6
2024-06-15,Hydro,MW,Uttar Pradesh,2024,6,501.6
2024-07-15,Hydro,MW,Uttar Pradesh,2024,7,501.6
2024-08-15,Hydro,MW,Uttar Pradesh,2024,8,501.6
2024-09-15,Hydro,MW,Uttar Pradesh,2024,9,501.6
2024-10-15,Hydro,MW,Uttar Pradesh,2024,10,501.6
2024-11-15,Hydro,MW,Uttar Pradesh,2024,11,501.6
2024-12-15,Hydro,MW,Uttar Pradesh,2024,12,501.6
2025-01-15,Hydro,MW,Uttar Pradesh,2025,1,501.6
2025-02-15,Hydro,MW,Uttar Pradesh,2025,2,501.6
2025-03-15,Hydro,MW,Uttar Pradesh,2025,3,501.6
2025-04-15,Hydro,MW,Uttar Pradesh,2025,4,501.6
2025-05-15,Hydro,MW,Uttar Pradesh,2025,5,501.6
2025-06-15,Hydro,MW,Uttar Pradesh,2025,6,501.6
2025-07-15,Hydro,MW,Uttar Pradesh,2025,7,501.6
2025-08-15,Hydro,MW,Uttar Pradesh,2025,8,501.6
2024-01-15,Solar,MW,Uttar Pradesh,2024,1,2782.83
2024-02-15,Solar,MW,Uttar Pradesh,2024,2,2832.83
2024-03-15,Solar,MW,Uttar Pradesh,2024,3,2920.33
2024-04-15,Solar,MW,Uttar Pradesh,2024,4,2930.33
2024-05-15,Solar,MW,Uttar Pradesh,2024,5,2930.33
2024-06-15,Solar,MW,Uttar Pradesh,2024,6,3066.77
2024-07-15,Solar,MW,Uttar Pradesh,2024,7,3105.59
2024-08-15,Solar,MW,Uttar Pradesh,2024,8,3280.15
2024-09-15,Solar,MW,Uttar Pradesh,2024,9,3284.26
2024-10-15,Solar,MW,Uttar Pradesh,2024,10,3286.98
2024-11-15,Solar,MW,Uttar Pradesh,2024,11,3288.86
2024-12-15,Solar,MW,Uttar Pradesh,2024,12,3346.99
2025-01-15,Solar,MW,Uttar Pradesh,2025,1,3356.01
2025-02-15,Solar,MW,Uttar Pradesh,2025,2,3357.51
2025-03-15,Solar,MW,Uttar Pradesh,2025,3,3364.07
2025-04-15,Solar,MW,Uttar Pradesh,2025,4,3368.87
2025-05-15,Solar,MW,Uttar Pradesh,2025,5,3376.74
2025-06-15,Solar,MW,Uttar Pradesh,2025,6,3427.49
2025-07-15,Solar,MW,Uttar Pradesh,2025,7,3483.56
2025-08-15,Solar,MW,Uttar Pradesh,2025,8,3486.56
2024-01-15,Wind,MW,Uttar Pradesh,2024,1,
2024-02-15,Wind,MW,Uttar Pradesh,2024,2,
2024-03-15,Wind,MW,Uttar Pradesh,2024,3,
2024-04-15,Wind,MW,Uttar Pradesh,2024,4,
2024-05-15,Wind,MW,Uttar Pradesh,2024,5,
2024-06-15,Wind,MW,Uttar Pradesh,2024,6,
2024-07-15,Wind,MW,Uttar Pradesh,2024,7,
2024-08-15,Wind,MW,Uttar Pradesh,2024,8,
2024-09-15,Wind,MW,Uttar Pradesh,2024,9,
2024-10-15,Wind,MW,Uttar Pradesh,2024,10,
2024-11-15,Wind,MW,Uttar Pradesh,2024,11,
2024-12-15,Wind,MW,Uttar Pradesh,2024,12,
2025-01-15,Wind,MW,Uttar Pradesh,2025,1,
2025-02-15,Wind,MW,Uttar Pradesh,2025,2,
2025-03-15,Wind,MW,Uttar Pradesh,2025,3,
2025-04-15,Wind,MW,Uttar Pradesh,2025,4,
2025-05-15,Wind,MW,Uttar Pradesh,2025,5,
2025-06-15,Wind,MW,Uttar Pradesh,2025,6,
2025-07-15,Wind,MW,Uttar Pradesh,2025,7,
2025-08-15,Wind,MW,Uttar Pradesh,2025,8,
2024-01-15,Small-Hydro,MW,Uttar Pradesh,2024,1,49.1
2024-02-15,Small-Hydro,MW,Uttar Pradesh,2024,2,49.1
2024-03-15,Small-Hydro,MW,Uttar Pradesh,2024,3,49.1
2024-04-15,Small-Hydro,MW,Uttar Pradesh,2024,4,49.1
2024-05-15,Small-Hydro,MW,Uttar Pradesh,2024,5,49.1
2024-06-15,Small-Hydro,MW,Uttar Pradesh,2024,6,49.1
2024-07-15,Small-Hydro,MW,Uttar Pradesh,2024,7,49.1
2024-08-15,Small-Hydro,MW,Uttar Pradesh,2024,8,49.1
2024-09-15,Small-Hydro,MW,Uttar Pradesh,2024,9,49.1
2024-10-15,Small-Hydro,MW,Uttar Pradesh,2024,10,49.1
2024-11-15,Small-Hydro,MW,Uttar Pradesh,2024,11,49.1
2024-12-15,Small-Hydro,MW,Uttar Pradesh,2024,12,49.1
2025-01-15,Small-Hydro,MW,Uttar Pradesh,2025,1,49.1
2025-02-15,Small-Hydro,MW,Uttar Pradesh,2025,2,49.1
2025-03-15,Small-Hydro,MW,Uttar Pradesh,2025,3,49.1
2025-04-15,Small-Hydro,MW,Uttar Pradesh,2025,4,50.6
2025-05-15,Small-Hydro,MW,Uttar Pradesh,2025,5,50.6
2025-06-15,Small-Hydro,MW,Uttar Pradesh,2025,6,50.6
2025-07-15,Small-Hydro,MW,Uttar Pradesh,2025,7,50.6
2025-08-15,Small-Hydro,MW,Uttar Pradesh,2025,8,50.6
2024-01-15,Bio Power,MW,Uttar Pradesh,2024,1,2221.64
2024-02-15,Bio Power,MW,Uttar Pradesh,2024,2,2221.64
2024-03-15,Bio Power,MW,Uttar Pradesh,2024,3,2226.14
2024-04-15,Bio Power,MW,Uttar Pradesh,2024,4,2230.31
2024-05-15,Bio Power,MW,Uttar Pradesh,2024,5,2230.31
2024-06-15,Bio Power,MW,Uttar Pradesh,2024,6,2230.31
2024-07-15,Bio Power,MW,Uttar Pradesh,2024,7,2237.39
2024-08-15,Bio Power,MW,Uttar Pradesh,2024,8,2237.39
2024-09-15,Bio Power,MW,Uttar Pradesh,2024,9,2265.39
2024-10-15,Bio Power,MW,Uttar Pradesh,2024,10,2265.39
2024-11-15,Bio Power,MW,Uttar Pradesh,2024,11,2265.89
2024-12-15,Bio Power,MW,Uttar Pradesh,2024,12,2271.38
2025-01-15,Bio Power,MW,Uttar Pradesh,2025,1,2273.67
2025-02-15,Bio Power,MW,Uttar Pradesh,2025,2,2273.67
2025-03-15,Bio Power,MW,Uttar Pradesh,2025,3,2309.14
2025-04-15,Bio Power,MW,Uttar Pradesh,2025,4,2309.14
2025-05-15,Bio Power,MW,Uttar Pradesh,2025,5,2309.14
2025-06-15,Bio Power,MW,Uttar Pradesh,2025,6,2309.14
2025-07-15,Bio Power,MW,Uttar Pradesh,2025,7,2310.39
2025-08-15,Bio Power,MW,Uttar Pradesh,2025,8,2310.39
2024-01-15,Coal,MW,Uttarakhand,2024,1,
2024-02-15,Coal,MW,Uttarakhand,2024,2,
2024-03-15,Coal,MW,Uttarakhand,2024,3,
2024-04-15,Coal,MW,Uttarakhand,2024,4,
2024-05-15,Coal,MW,Uttarakhand,2024,5,
2024-06-15,Coal,MW,Uttarakhand,2024,6,
2024-07-15,Coal,MW,Uttarakhand,2024,7,
2024-08-15,Coal,MW,Uttarakhand,2024,8,
2024-09-15,Coal,MW,Uttarakhand,2024,9,
2024-10-15,Coal,MW,Uttarakhand,2024,10,
2024-11-15,Coal,MW,Uttarakhand,2024,11,
2024-12-15,Coal,MW,Uttarakhand,2024,12,
2025-01-15,Coal,MW,Uttarakhand,2025,1,
2025-02-15,Coal,MW,Uttarakhand,2025,2,
2025-03-15,Coal,MW,Uttarakhand,2025,3,
2025-04-15,Coal,MW,Uttarakhand,2025,4,
2025-05-15,Coal,MW,Uttarakhand,2025,5,
2025-06-15,Coal,MW,Uttarakhand,2025,6,
2025-07-15,Coal,MW,Uttarakhand,2025,7,
2025-08-15,Coal,MW,Uttarakhand,2025,8,
2024-01-15,Oil & Gas,MW,Uttarakhand,2024,1,664
2024-02-15,Oil & Gas,MW,Uttarakhand,2024,2,664
2024-03-15,Oil & Gas,MW,Uttarakhand,2024,3,664
2024-04-15,Oil & Gas,MW,Uttarakhand,2024,4,664
2024-05-15,Oil & Gas,MW,Uttarakhand,2024,5,664
2024-06-15,Oil & Gas,MW,Uttarakhand,2024,6,664
2024-07-15,Oil & Gas,MW,Uttarakhand,2024,7,664
2024-08-15,Oil & Gas,MW,Uttarakhand,2024,8,664
2024-09-15,Oil & Gas,MW,Uttarakhand,2024,9,664
2024-10-15,Oil & Gas,MW,Uttarakhand,2024,10,664
2024-11-15,Oil & Gas,MW,Uttarakhand,2024,11,664
2024-12-15,Oil & Gas,MW,Uttarakhand,2024,12,664
2025-01-15,Oil & Gas,MW,Uttarakhand,2025,1,664
2025-02-15,Oil & Gas,MW,Uttarakhand,2025,2,664
2025-03-15,Oil & Gas,MW,Uttarakhand,2025,3,664
2025-04-15,Oil & Gas,MW,Uttarakhand,2025,4,664
2025-05-15,Oil & Gas,MW,Uttarakhand,2025,5,664
2025-06-15,Oil & Gas,MW,Uttarakhand,2025,6,664
2025-07-15,Oil & Gas,MW,Uttarakhand,2025,7,664
2025-08-15,Oil & Gas,MW,Uttarakhand,2025,8,664
2024-01-15,Nuclear,MW,Uttarakhand,2024,1,
2024-02-15,Nuclear,MW,Uttarakhand,2024,2,
2024-03-15,Nuclear,MW,Uttarakhand,2024,3,
2024-04-15,Nuclear,MW,Uttarakhand,2024,4,
2024-05-15,Nuclear,MW,Uttarakhand,2024,5,
2024-06-15,Nuclear,MW,Uttarakhand,2024,6,
2024-07-15,Nuclear,MW,Uttarakhand,2024,7,
2024-08-15,Nuclear,MW,Uttarakhand,2024,8,
2024-09-15,Nuclear,MW,Uttarakhand,2024,9,
2024-10-15,Nuclear,MW,Uttarakhand,2024,10,
2024-11-15,Nuclear,MW,Uttarakhand,2024,11,
2024-12-15,Nuclear,MW,Uttarakhand,2024,12,
2025-01-15,Nuclear,MW,Uttarakhand,2025,1,
2025-02-15,Nuclear,MW,Uttarakhand,2025,2,
2025-03-15,Nuclear,MW,Uttarakhand,2025,3,
2025-04-15,Nuclear,MW,Uttarakhand,2025,4,
2025-05-15,Nuclear,MW,Uttarakhand,2025,5,
2025-06-15,Nuclear,MW,Uttarakhand,2025,6,
2025-07-15,Nuclear,MW,Uttarakhand,2025,7,
2025-08-15,Nuclear,MW,Uttarakhand,2025,8,
2024-01-15,Hydro,MW,Uttarakhand,2024,1,4035.35
2024-02-15,Hydro,MW,Uttarakhand,2024,2,4035.35
2024-03-15,Hydro,MW,Uttarakhand,2024,3,4035.35
2024-04-15,Hydro,MW,Uttarakhand,2024,4,4035.35
2024-05-15,Hydro,MW,Uttarakhand,2024,5,4035.35
2024-06-15,Hydro,MW,Uttarakhand,2024,6,4035.35
2024-07-15,Hydro,MW,Uttarakhand,2024,7,4035.35
2024-08-15,Hydro,MW,Uttarakhand,2024,8,4035.35
2024-09-15,Hydro,MW,Uttarakhand,2024,9,4035.35
2024-10-15,Hydro,MW,Uttarakhand,2024,10,4035.35
2024-11-15,Hydro,MW,Uttarakhand,2024,11,4035.35
2024-12-15,Hydro,MW,Uttarakhand,2024,12,4035.35
2025-01-15,Hydro,MW,Uttarakhand,2025,1,4035.35
2025-02-15,Hydro,MW,Uttarakhand,2025,2,4035.35
2025-03-15,Hydro,MW,Uttarakhand,2025,3,4035.35
2025-04-15,Hydro,MW,Uttarakhand,2025,4,4035.35
2025-05-15,Hydro,MW,Uttarakhand,2025,5,4035.35
2025-06-15,Hydro,MW,Uttarakhand,2025,6,4285.35
2025-07-15,Hydro,MW,Uttarakhand,2025,7,4535.35
2025-08-15,Hydro,MW,Uttarakhand,2025,8,4535.35
2024-01-15,Solar,MW,Uttarakhand,2024,1,575.53
2024-02-15,Solar,MW,Uttarakhand,2024,2,575.53
2024-03-15,Solar,MW,Uttarakhand,2024,3,575.53
2024-04-15,Solar,MW,Uttarakhand,2024,4,575.53
2024-05-15,Solar,MW,Uttarakhand,2024,5,575.53
2024-06-15,Solar,MW,Uttarakhand,2024,6,575.53
2024-07-15,Solar,MW,Uttarakhand,2024,7,586.53
2024-08-15,Solar,MW,Uttarakhand,2024,8,592.07
2024-09-15,Solar,MW,Uttarakhand,2024,9,592.07
2024-10-15,Solar,MW,Uttarakhand,2024,10,592.07
2024-11-15,Solar,MW,Uttarakhand,2024,11,593.07
2024-12-15,Solar,MW,Uttarakhand,2024,12,593.07
2025-01-15,Solar,MW,Uttarakhand,2025,1,593.07
2025-02-15,Solar,MW,Uttarakhand,2025,2,593.07
2025-03-15,Solar,MW,Uttarakhand,2025,3,593.07
2025-04-15,Solar,MW,Uttarakhand,2025,4,593.07
2025-05-15,Solar,MW,Uttarakhand,2025,5,593.07
2025-06-15,Solar,MW,Uttarakhand,2025,6,593.07
2025-07-15,Solar,MW,Uttarakhand,2025,7,835.72
2025-08-15,Solar,MW,Uttarakhand,2025,8,835.72
2024-01-15,Wind,MW,Uttarakhand,2024,1,
2024-02-15,Wind,MW,Uttarakhand,2024,2,
2024-03-15,Wind,MW,Uttarakhand,2024,3,
2024-04-15,Wind,MW,Uttarakhand,2024,4,
2024-05-15,Wind,MW,Uttarakhand,2024,5,
2024-06-15,Wind,MW,Uttarakhand,2024,6,
2024-07-15,Wind,MW,Uttarakhand,2024,7,
2024-08-15,Wind,MW,Uttarakhand,2024,8,
2024-09-15,Wind,MW,Uttarakhand,2024,9,
2024-10-15,Wind,MW,Uttarakhand,2024,10,
2024-11-15,Wind,MW,Uttarakhand,2024,11,
2024-12-15,Wind,MW,Uttarakhand,2024,12,
2025-01-15,Wind,MW,Uttarakhand,2025,1,
2025-02-15,Wind,MW,Uttarakhand,2025,2,
2025-03-15,Wind,MW,Uttarakhand,2025,3,
2025-04-15,Wind,MW,Uttarakhand,2025,4,
2025-05-15,Wind,MW,Uttarakhand,2025,5,
2025-06-15,Wind,MW,Uttarakhand,2025,6,
2025-07-15,Wind,MW,Uttarakhand,2025,7,
2025-08-15,Wind,MW,Uttarakhand,2025,8,
2024-01-15,Small-Hydro,MW,Uttarakhand,2024,1,218.82
2024-02-15,Small-Hydro,MW,Uttarakhand,2024,2,218.82
2024-03-15,Small-Hydro,MW,Uttarakhand,2024,3,218.82
2024-04-15,Small-Hydro,MW,Uttarakhand,2024,4,218.82
2024-05-15,Small-Hydro,MW,Uttarakhand,2024,5,218.82
2024-06-15,Small-Hydro,MW,Uttarakhand,2024,6,218.82
2024-07-15,Small-Hydro,MW,Uttarakhand,2024,7,218.82
2024-08-15,Small-Hydro,MW,Uttarakhand,2024,8,228.82
2024-09-15,Small-Hydro,MW,Uttarakhand,2024,9,233.82
2024-10-15,Small-Hydro,MW,Uttarakhand,2024,10,233.82
2024-11-15,Small-Hydro,MW,Uttarakhand,2024,11,233.82
2024-12-15,Small-Hydro,MW,Uttarakhand,2024,12,233.82
2025-01-15,Small-Hydro,MW,Uttarakhand,2025,1,233.82
2025-02-15,Small-Hydro,MW,Uttarakhand,2025,2,233.82
2025-03-15,Small-Hydro,MW,Uttarakhand,2025,3,233.82
2025-04-15,Small-Hydro,MW,Uttarakhand,2025,4,233.82
2025-05-15,Small-Hydro,MW,Uttarakhand,2025,5,233.82
2025-06-15,Small-Hydro,MW,Uttarakhand,2025,6,233.82
2025-07-15,Small-Hydro,MW,Uttarakhand,2025,7,233.82
2025-08-15,Small-Hydro,MW,Uttarakhand,2025,8,233.82
2024-01-15,Bio Power,MW,Uttarakhand,2024,1,139.74
2024-02-15,Bio Power,MW,Uttarakhand,2024,2,139.74
2024-03-15,Bio Power,MW,Uttarakhand,2024,3,142.24
2024-04-15,Bio Power,MW,Uttarakhand,2024,4,142.24
2024-05-15,Bio Power,MW,Uttarakhand,2024,5,142.24
2024-06-15,Bio Power,MW,Uttarakhand,2024,6,142.24
2024-07-15,Bio Power,MW,Uttarakhand,2024,7,142.24
2024-08-15,Bio Power,MW,Uttarakhand,2024,8,142.24
2024-09-15,Bio Power,MW,Uttarakhand,2024,9,142.24
2024-10-15,Bio Power,MW,Uttarakhand,2024,10,142.24
2024-11-15,Bio Power,MW,Uttarakhand,2024,11,142.24
2024-12-15,Bio Power,MW,Uttarakhand,2024,12,142.24
2025-01-15,Bio Power,MW,Uttarakhand,2025,1,142.24
2025-02-15,Bio Power,MW,Uttarakhand,2025,2,142.24
2025-03-15,Bio Power,MW,Uttarakhand,2025,3,148.53
2025-04-15,Bio Power,MW,Uttarakhand,2025,4,148.53
2025-05-15,Bio Power,MW,Uttarakhand,2025,5,148.53
2025-06-15,Bio Power,MW,Uttarakhand,2025,6,149.57
2025-07-15,Bio Power,MW,Uttarakhand,2025,7,149.57
2025-08-15,Bio Power,MW,Uttarakhand,2025,8,149.57
2024-01-15,Coal,MW,Rajasthan,2024,1,10780
2024-02-15,Coal,MW,Rajasthan,2024,2,10780
2024-03-15,Coal,MW,Rajasthan,2024,3,10780
2024-04-15,Coal,MW,Rajasthan,2024,4,10780
2024-05-15,Coal,MW,Rajasthan,2024,5,10780
2024-06-15,Coal,MW,Rajasthan,2024,6,10780
2024-07-15,Coal,MW,Rajasthan,2024,7,10780
2024-08-15,Coal,MW,Rajasthan,2024,8,10780
2024-09-15,Coal,MW,Rajasthan,2024,9,10780
2024-10-15,Coal,MW,Rajasthan,2024,10,10780
2024-11-15,Coal,MW,Rajasthan,2024,11,10780
2024-12-15,Coal,MW,Rajasthan,2024,12,10780
2025-01-15,Coal,MW,Rajasthan,2025,1,10780
2025-02-15,Coal,MW,Rajasthan,2025,2,10780
2025-03-15,Coal,MW,Rajasthan,2025,3,10780
2025-04-15,Coal,MW,Rajasthan,2025,4,10780
2025-05-15,Coal,MW,Rajasthan,2025,5,10780
2025-06-15,Coal,MW,Rajasthan,2025,6,10780
2025-07-15,Coal,MW,Rajasthan,2025,7,10780
2025-08-15,Coal,MW,Rajasthan,2025,8,10780
2024-01-15,Oil & Gas,MW,Rajasthan,2024,1,1022.83
2024-02-15,Oil & Gas,MW,Rajasthan,2024,2,1022.83
2024-03-15,Oil & Gas,MW,Rajasthan,2024,3,1022.83
2024-04-15,Oil & Gas,MW,Rajasthan,2024,4,1022.83
2024-05-15,Oil & Gas,MW,Rajasthan,2024,5,1022.83
2024-06-15,Oil & Gas,MW,Rajasthan,2024,6,1022.83
2024-07-15,Oil & Gas,MW,Rajasthan,2024,7,1022.83
2024-08-15,Oil & Gas,MW,Rajasthan,2024,8,1022.83
2024-09-15,Oil & Gas,MW,Rajasthan,2024,9,1022.83
2024-10-15,Oil & Gas,MW,Rajasthan,2024,10,1022.83
2024-11-15,Oil & Gas,MW,Rajasthan,2024,11,1022.83
2024-12-15,Oil & Gas,MW,Rajasthan,2024,12,1022.83
2025-01-15,Oil & Gas,MW,Rajasthan,2025,1,1022.83
2025-02-15,Oil & Gas,MW,Rajasthan,2025,2,1022.83
2025-03-15,Oil & Gas,MW,Rajasthan,2025,3,1022.83
2025-04-15,Oil & Gas,MW,Rajasthan,2025,4,1022.83
2025-05-15,Oil & Gas,MW,Rajasthan,2025,5,1022.83
2025-06-15,Oil & Gas,MW,Rajasthan,2025,6,1022.83
2025-07-15,Oil & Gas,MW,Rajasthan,2025,7,1022.83
2025-08-15,Oil & Gas,MW,Rajasthan,2025,8,1022.83
2024-01-15,Nuclear,MW,Rajasthan,2024,1,1180
2024-02-15,Nuclear,MW,Rajasthan,2024,2,1180
2024-03-15,Nuclear,MW,Rajasthan,2024,3,1180
2024-04-15,Nuclear,MW,Rajasthan,2024,4,1180
2024-05-15,Nuclear,MW,Rajasthan,2024,5,1180
2024-06-15,Nuclear,MW,Rajasthan,2024,6,1180
2024-07-15,Nuclear,MW,Rajasthan,2024,7,1180
2024-08-15,Nuclear,MW,Rajasthan,2024,8,1180
2024-09-15,Nuclear,MW,Rajasthan,2024,9,1180
2024-10-15,Nuclear,MW,Rajasthan,2024,10,1180
2024-11-15,Nuclear,MW,Rajasthan,2024,11,1180
2024-12-15,Nuclear,MW,Rajasthan,2024,12,1180
2025-01-15,Nuclear,MW,Rajasthan,2025,1,1180
2025-02-15,Nuclear,MW,Rajasthan,2025,2,1180
2025-03-15,Nuclear,MW,Rajasthan,2025,3,1180
2025-04-15,Nuclear,MW,Rajasthan,2025,4,1780
2025-05-15,Nuclear,MW,Rajasthan,2025,5,1780
2025-06-15,Nuclear,MW,Rajasthan,2025,6,1780
2025-07-15,Nuclear,MW,Rajasthan,2025,7,1780
2025-08-15,Nuclear,MW,Rajasthan,2025,8,1780
2024-01-15,Hydro,MW,Rajasthan,2024,1,411
2024-02-15,Hydro,MW,Rajasthan,2024,2,411
2024-03-15,Hydro,MW,Rajasthan,2024,3,411
2024-04-15,Hydro,MW,Rajasthan,2024,4,411
2024-05-15,Hydro,MW,Rajasthan,2024,5,411
2024-06-15,Hydro,MW,Rajasthan,2024,6,411
2024-07-15,Hydro,MW,Rajasthan,2024,7,411
2024-08-15,Hydro,MW,Rajasthan,2024,8,411
2024-09-15,Hydro,MW,Rajasthan,2024,9,411
2024-10-15,Hydro,MW,Rajasthan,2024,10,411
2024-11-15,Hydro,MW,Rajasthan,2024,11,411
2024-12-15,Hydro,MW,Rajasthan,2024,12,411
2025-01-15,Hydro,MW,Rajasthan,2025,1,411
2025-02-15,Hydro,MW,Rajasthan,2025,2,411
2025-03-15,Hydro,MW,Rajasthan,2025,3,411
2025-04-15,Hydro,MW,Rajasthan,2025,4,411
2025-05-15,Hydro,MW,Rajasthan,2025,5,411
2025-06-15,Hydro,MW,Rajasthan,2025,6,411
2025-07-15,Hydro,MW,Rajasthan,2025,7,411
2025-08-15,Hydro,MW,Rajasthan,2025,8,411
2024-01-15,Solar,MW,Rajasthan,2024,1,18795.65
2024-02-15,Solar,MW,Rajasthan,2024,2,19510.6
2024-03-15,Solar,MW,Rajasthan,2024,3,21347.58
2024-04-15,Solar,MW,Rajasthan,2024,4,21469.62
2024-05-15,Solar,MW,Rajasthan,2024,5,22180.73
2024-06-15,Solar,MW,Rajasthan,2024,6,22415.22
2024-07-15,Solar,MW,Rajasthan,2024,7,22860.73
2024-08-15,Solar,MW,Rajasthan,2024,8,24102.21
2024-09-15,Solar,MW,Rajasthan,2024,9,24224.15
2024-10-15,Solar,MW,Rajasthan,2024,10,24553.13
2024-11-15,Solar,MW,Rajasthan,2024,11,24776.69
2024-12-15,Solar,MW,Rajasthan,2024,12,26489.65
2025-01-15,Solar,MW,Rajasthan,2025,1,27347.85
2025-02-15,Solar,MW,Rajasthan,2025,2,27636.75
2025-03-15,Solar,MW,Rajasthan,2025,3,28286.47
2025-04-15,Solar,MW,Rajasthan,2025,4,28761.22
2025-05-15,Solar,MW,Rajasthan,2025,5,29546.7
2025-06-15,Solar,MW,Rajasthan,2025,6,31967.69
2025-07-15,Solar,MW,Rajasthan,2025,7,32317.19
2025-08-15,Solar,MW,Rajasthan,2025,8,33163.29
2024-01-15,Wind,MW,Rajasthan,2024,1,5193.42
2024-02-15,Wind,MW,Rajasthan,2024,2,5195.82
2024-03-15,Wind,MW,Rajasthan,2024,3,5195.82
2024-04-15,Wind,MW,Rajasthan,2024,4,5195.82
2024-05-15,Wind,MW,Rajasthan,2024,5,5195.82
2024-06-15,Wind,MW,Rajasthan,2024,6,5195.82
2024-07-15,Wind,MW,Rajasthan,2024,7,5195.82
2024-08-15,Wind,MW,Rajasthan,2024,8,5195.82
2024-09-15,Wind,MW,Rajasthan,2024,9,5195.82
2024-10-15,Wind,MW,Rajasthan,2024,10,5195.82
2024-11-15,Wind,MW,Rajasthan,2024,11,5195.82
2024-12-15,Wind,MW,Rajasthan,2024,12,5195.82
2025-01-15,Wind,MW,Rajasthan,2025,1,5195.82
2025-02-15,Wind,MW,Rajasthan,2025,2,5195.82
2025-03-15,Wind,MW,Rajasthan,2025,3,5208.75
2025-04-15,Wind,MW,Rajasthan,2025,4,5208.75
2025-05-15,Wind,MW,Rajasthan,2025,5,5208.75
2025-06-15,Wind,MW,Rajasthan,2025,6,5208.75
2025-07-15,Wind,MW,Rajasthan,2025,7,5208.75
2025-08-15,Wind,MW,Rajasthan,2025,8,5208.75
2024-01-15,Small-Hydro,MW,Rajasthan,2024,1,23.85
2024-02-15,Small-Hydro,MW,Rajasthan,2024,2,23.85
2024-03-15,Small-Hydro,MW,Rajasthan,2024,3,23.85
2024-04-15,Small-Hydro,MW,Rajasthan,2024,4,23.85
2024-05-15,Small-Hydro,MW,Rajasthan,2024,5,23.85
2024-06-15,Small-Hydro,MW,Rajasthan,2024,6,23.85
2024-07-15,Small-Hydro,MW,Rajasthan,2024,7,23.85
2024-08-15,Small-Hydro,MW,Rajasthan,2024,8,23.85
2024-09-15,Small-Hydro,MW,Rajasthan,2024,9,23.85
2024-10-15,Small-Hydro,MW,Rajasthan,2024,10,23.85
2024-11-15,Small-Hydro,MW,Rajasthan,2024,11,23.85
2024-12-15,Small-Hydro,MW,Rajasthan,2024,12,23.85
2025-01-15,Small-Hydro,MW,Rajasthan,2025,1,23.85
2025-02-15,Small-Hydro,MW,Rajasthan,2025,2,23.85
2025-03-15,Small-Hydro,MW,Rajasthan,2025,3,23.85
2025-04-15,Small-Hydro,MW,Rajasthan,2025,4,23.85
2025-05-15,Small-Hydro,MW,Rajasthan,2025,5,23.85
2025-06-15,Small-Hydro,MW,Rajasthan,2025,6,23.85
2025-07-15,Small-Hydro,MW,Rajasthan,2025,7,23.85
2025-08-15,Small-Hydro,MW,Rajasthan,2025,8,23.85
2024-01-15,Bio Power,MW,Rajasthan,2024,1,125.64
2024-02-15,Bio Power,MW,Rajasthan,2024,2,125.64
2024-03-15,Bio Power,MW,Rajasthan,2024,3,125.64
2024-04-15,Bio Power,MW,Rajasthan,2024,4,125.64
2024-05-15,Bio Power,MW,Rajasthan,2024,5,125.64
2024-06-15,Bio Power,MW,Rajasthan,2024,6,125.64
2024-07-15,Bio Power,MW,Rajasthan,2024,7,126.06
2024-08-15,Bio Power,MW,Rajasthan,2024,8,126.06
2024-09-15,Bio Power,MW,Rajasthan,2024,9,126.06
2024-10-15,Bio Power,MW,Rajasthan,2024,10,126.06
2024-11-15,Bio Power,MW,Rajasthan,2024,11,126.06
2024-12-15,Bio Power,MW,Rajasthan,2024,12,126.06
2025-01-15,Bio Power,MW,Rajasthan,2025,1,170.76
2025-02-15,Bio Power,MW,Rajasthan,2025,2,200.56
2025-03-15,Bio Power,MW,Rajasthan,2025,3,206.27
2025-04-15,Bio Power,MW,Rajasthan,2025,4,206.27
2025-05-15,Bio Power,MW,Rajasthan,2025,5,206.27
2025-06-15,Bio Power,MW,Rajasthan,2025,6,207.52
2025-07-15,Bio Power,MW,Rajasthan,2025,7,207.52
2025-08-15,Bio Power,MW,Rajasthan,2025,8,207.52
2024-01-15,Coal,MW,Delhi,2024,1,
2024-02-15,Coal,MW,Delhi,2024,2,
2024-03-15,Coal,MW,Delhi,2024,3,
2024-04-15,Coal,MW,Delhi,2024,4,
2024-05-15,Coal,MW,Delhi,2024,5,
2024-06-15,Coal,MW,Delhi,2024,6,
2024-07-15,Coal,MW,Delhi,2024,7,
2024-08-15,Coal,MW,Delhi,2024,8,
2024-09-15,Coal,MW,Delhi,2024,9,
2024-10-15,Coal,MW,Delhi,2024,10,
2024-11-15,Coal,MW,Delhi,2024,11,
2024-12-15,Coal,MW,Delhi,2024,12,
2025-01-15,Coal,MW,Delhi,2025,1,
2025-02-15,Coal,MW,Delhi,2025,2,
2025-03-15,Coal,MW,Delhi,2025,3,
2025-04-15,Coal,MW,Delhi,2025,4,
2025-05-15,Coal,MW,Delhi,2025,5,
2025-06-15,Coal,MW,Delhi,2025,6,
2025-07-15,Coal,MW,Delhi,2025,7,
2025-08-15,Coal,MW,Delhi,2025,8,
2024-01-15,Oil & Gas,MW,Delhi,2024,1,2208.4
2024-02-15,Oil & Gas,MW,Delhi,2024,2,2208.4
2024-03-15,Oil & Gas,MW,Delhi,2024,3,2208.4
2024-04-15,Oil & Gas,MW,Delhi,2024,4,2208.4
2024-05-15,Oil & Gas,MW,Delhi,2024,5,2208.4
2024-06-15,Oil & Gas,MW,Delhi,2024,6,2208.4
2024-07-15,Oil & Gas,MW,Delhi,2024,7,2208.4
2024-08-15,Oil & Gas,MW,Delhi,2024,8,2208.4
2024-09-15,Oil & Gas,MW,Delhi,2024,9,2208.4
2024-10-15,Oil & Gas,MW,Delhi,2024,10,2208.4
2024-11-15,Oil & Gas,MW,Delhi,2024,11,2208.4
2024-12-15,Oil & Gas,MW,Delhi,2024,12,2208.4
2025-01-15,Oil & Gas,MW,Delhi,2025,1,2208.4
2025-02-15,Oil & Gas,MW,Delhi,2025,2,2208.4
2025-03-15,Oil & Gas,MW,Delhi,2025,3,2208.4
2025-04-15,Oil & Gas,MW,Delhi,2025,4,2100.4
2025-05-15,Oil & Gas,MW,Delhi,2025,5,2100.4
2025-06-15,Oil & Gas,MW,Delhi,2025,6,2100.4
2025-07-15,Oil & Gas,MW,Delhi,2025,7,2100.4
2025-08-15,Oil & Gas,MW,Delhi,2025,8,2100.4
2024-01-15,Nuclear,MW,Delhi,2024,1,
2024-02-15,Nuclear,MW,Delhi,2024,2,
2024-03-15,Nuclear,MW,Delhi,2024,3,
2024-04-15,Nuclear,MW,Delhi,2024,4,
2024-05-15,Nuclear,MW,Delhi,2024,5,
2024-06-15,Nuclear,MW,Delhi,2024,6,
2024-07-15,Nuclear,MW,Delhi,2024,7,
2024-08-15,Nuclear,MW,Delhi,2024,8,
2024-09-15,Nuclear,MW,Delhi,2024,9,
2024-10-15,Nuclear,MW,Delhi,2024,10,
2024-11-15,Nuclear,MW,Delhi,2024,11,
2024-12-15,Nuclear,MW,Delhi,2024,12,
2025-01-15,Nuclear,MW,Delhi,2025,1,
2025-02-15,Nuclear,MW,Delhi,2025,2,
2025-03-15,Nuclear,MW,Delhi,2025,3,
2025-04-15,Nuclear,MW,Delhi,2025,4,
2025-05-15,Nuclear,MW,Delhi,2025,5,
2025-06-15,Nuclear,MW,Delhi,2025,6,
2025-07-15,Nuclear,MW,Delhi,2025,7,
2025-08-15,Nuclear,MW,Delhi,2025,8,
2024-01-15,Hydro,MW,Delhi,2024,1,
2024-02-15,Hydro,MW,Delhi,2024,2,
2024-03-15,Hydro,MW,Delhi,2024,3,
2024-04-15,Hydro,MW,Delhi,2024,4,
2024-05-15,Hydro,MW,Delhi,2024,5,
2024-06-15,Hydro,MW,Delhi,2024,6,
2024-07-15,Hydro,MW,Delhi,2024,7,
2024-08-15,Hydro,MW,Delhi,2024,8,
2024-09-15,Hydro,MW,Delhi,2024,9,
2024-10-15,Hydro,MW,Delhi,2024,10,
2024-11-15,Hydro,MW,Delhi,2024,11,
2024-12-15,Hydro,MW,Delhi,2024,12,
2025-01-15,Hydro,MW,Delhi,2025,1,
2025-02-15,Hydro,MW,Delhi,2025,2,
2025-03-15,Hydro,MW,Delhi,2025,3,
2025-04-15,Hydro,MW,Delhi,2025,4,
2025-05-15,Hydro,MW,Delhi,2025,5,
2025-06-15,Hydro,MW,Delhi,2025,6,
2025-07-15,Hydro,MW,Delhi,2025,7,
2025-08-15,Hydro,MW,Delhi,2025,8,
2024-01-15,Solar,MW,Delhi,2024,1,237.29
2024-02-15,Solar,MW,Delhi,2024,2,237.29
2024-03-15,Solar,MW,Delhi,2024,3,256.51
2024-04-15,Solar,MW,Delhi,2024,4,256.51
2024-05-15,Solar,MW,Delhi,2024,5,263.48
2024-06-15,Solar,MW,Delhi,2024,6,264.31
2024-07-15,Solar,MW,Delhi,2024,7,275.12
2024-08-15,Solar,MW,Delhi,2024,8,281.15
2024-09-15,Solar,MW,Delhi,2024,9,285.89
2024-10-15,Solar,MW,Delhi,2024,10,288.39
2024-11-15,Solar,MW,Delhi,2024,11,292.38
2024-12-15,Solar,MW,Delhi,2024,12,294.9
2025-01-15,Solar,MW,Delhi,2025,1,305.9
2025-02-15,Solar,MW,Delhi,2025,2,313.4
2025-03-15,Solar,MW,Delhi,2025,3,313.4
2025-04-15,Solar,MW,Delhi,2025,4,319.3
2025-05-15,Solar,MW,Delhi,2025,5,334.5
2025-06-15,Solar,MW,Delhi,2025,6,344.3
2025-07-15,Solar,MW,Delhi,2025,7,352.6
2025-08-15,Solar,MW,Delhi,2025,8,357.2
2024-01-15,Wind,MW,Delhi,2024,1,
2024-02-15,Wind,MW,Delhi,2024,2,
2024-03-15,Wind,MW,Delhi,2024,3,
2024-04-15,Wind,MW,Delhi,2024,4,
2024-05-15,Wind,MW,Delhi,2024,5,
2024-06-15,Wind,MW,Delhi,2024,6,
2024-07-15,Wind,MW,Delhi,2024,7,
2024-08-15,Wind,MW,Delhi,2024,8,
2024-09-15,Wind,MW,Delhi,2024,9,
2024-10-15,Wind,MW,Delhi,2024,10,
2024-11-15,Wind,MW,Delhi,2024,11,
2024-12-15,Wind,MW,Delhi,2024,12,
2025-01-15,Wind,MW,Delhi,2025,1,
2025-02-15,Wind,MW,Delhi,2025,2,
2025-03-15,Wind,MW,Delhi,2025,3,
2025-04-15,Wind,MW,Delhi,2025,4,
2025-05-15,Wind,MW,Delhi,2025,5,
2025-06-15,Wind,MW,Delhi,2025,6,
2025-07-15,Wind,MW,Delhi,2025,7,
2025-08-15,Wind,MW,Delhi,2025,8,
2024-01-15,Small-Hydro,MW,Delhi,2024,1,
2024-02-15,Small-Hydro,MW,Delhi,2024,2,
2024-03-15,Small-Hydro,MW,Delhi,2024,3,
2024-04-15,Small-Hydro,MW,Delhi,2024,4,
2024-05-15,Small-Hydro,MW,Delhi,2024,5,
2024-06-15,Small-Hydro,MW,Delhi,2024,6,
2024-07-15,Small-Hydro,MW,Delhi,2024,7,
2024-08-15,Small-Hydro,MW,Delhi,2024,8,
2024-09-15,Small-Hydro,MW,Delhi,2024,9,
2024-10-15,Small-Hydro,MW,Delhi,2024,10,
2024-11-15,Small-Hydro,MW,Delhi,2024,11,
2024-12-15,Small-Hydro,MW,Delhi,2024,12,
2025-01-15,Small-Hydro,MW,Delhi,2025,1,
2025-02-15,Small-Hydro,MW,Delhi,2025,2,
2025-03-15,Small-Hydro,MW,Delhi,2025,3,
2025-04-15,Small-Hydro,MW,Delhi,2025,4,
2025-05-15,Small-Hydro,MW,Delhi,2025,5,
2025-06-15,Small-Hydro,MW,Delhi,2025,6,
2025-07-15,Small-Hydro,MW,Delhi,2025,7,
2025-08-15,Small-Hydro,MW,Delhi,2025,8,
2024-01-15,Bio Power,MW,Delhi,2024,1,84
2024-02-15,Bio Power,MW,Delhi,2024,2,84
2024-03-15,Bio Power,MW,Delhi,2024,3,84
2024-04-15,Bio Power,MW,Delhi,2024,4,84
2024-05-15,Bio Power,MW,Delhi,2024,5,84
2024-06-15,Bio Power,MW,Delhi,2024,6,84
2024-07-15,Bio Power,MW,Delhi,2024,7,84
2024-08-15,Bio Power,MW,Delhi,2024,8,84
2024-09-15,Bio Power,MW,Delhi,2024,9,84
2024-10-15,Bio Power,MW,Delhi,2024,10,84
2024-11-15,Bio Power,MW,Delhi,2024,11,84
2024-12-15,Bio Power,MW,Delhi,2024,12,84
2025-01-15,Bio Power,MW,Delhi,2025,1,84
2025-02-15,Bio Power,MW,Delhi,2025,2,84
2025-03-15,Bio Power,MW,Delhi,2025,3,84
2025-04-15,Bio Power,MW,Delhi,2025,4,84
2025-05-15,Bio Power,MW,Delhi,2025,5,84
2025-06-15,Bio Power,MW,Delhi,2025,6,84
2025-07-15,Bio Power,MW,Delhi,2025,7,84
2025-08-15,Bio Power,MW,Delhi,2025,8,84
2024-01-15,Coal,MW,West Bengal,2024,1,13247
2024-02-15,Coal,MW,West Bengal,2024,2,13247
2024-03-15,Coal,MW,West Bengal,2024,3,13247
2024-04-15,Coal,MW,West Bengal,2024,4,13247
2024-05-15,Coal,MW,West Bengal,2024,5,13247
2024-06-15,Coal,MW,West Bengal,2024,6,13247
2024-07-15,Coal,MW,West Bengal,2024,7,13247
2024-08-15,Coal,MW,West Bengal,2024,8,13247
2024-09-15,Coal,MW,West Bengal,2024,9,13247
2024-10-15,Coal,MW,West Bengal,2024,10,13247
2024-11-15,Coal,MW,West Bengal,2024,11,13247
2024-12-15,Coal,MW,West Bengal,2024,12,13247
2025-01-15,Coal,MW,West Bengal,2025,1,13247
2025-02-15,Coal,MW,West Bengal,2025,2,13247
2025-03-15,Coal,MW,West Bengal,2025,3,13247
2025-04-15,Coal,MW,West Bengal,2025,4,13247
2025-05-15,Coal,MW,West Bengal,2025,5,13247
2025-06-15,Coal,MW,West Bengal,2025,6,13247
2025-07-15,Coal,MW,West Bengal,2025,7,13247
2025-08-15,Coal,MW,West Bengal,2025,8,13247
2024-01-15,Oil & Gas,MW,West Bengal,2024,1,80
2024-02-15,Oil & Gas,MW,West Bengal,2024,2,80
2024-03-15,Oil & Gas,MW,West Bengal,2024,3,80
2024-04-15,Oil & Gas,MW,West Bengal,2024,4,80
2024-05-15,Oil & Gas,MW,West Bengal,2024,5,80
2024-06-15,Oil & Gas,MW,West Bengal,2024,6,80
2024-07-15,Oil & Gas,MW,West Bengal,2024,7,80
2024-08-15,Oil & Gas,MW,West Bengal,2024,8,80
2024-09-15,Oil & Gas,MW,West Bengal,2024,9,80
2024-10-15,Oil & Gas,MW,West Bengal,2024,10,80
2024-11-15,Oil & Gas,MW,West Bengal,2024,11,80
2024-12-15,Oil & Gas,MW,West Bengal,2024,12,80
2025-01-15,Oil & Gas,MW,West Bengal,2025,1,80
2025-02-15,Oil & Gas,MW,West Bengal,2025,2,80
2025-03-15,Oil & Gas,MW,West Bengal,2025,3,80
2025-04-15,Oil & Gas,MW,West Bengal,2025,4,
2025-05-15,Oil & Gas,MW,West Bengal,2025,5,
2025-06-15,Oil & Gas,MW,West Bengal,2025,6,
2025-07-15,Oil & Gas,MW,West Bengal,2025,7,
2025-08-15,Oil & Gas,MW,West Bengal,2025,8,
2024-01-15,Hydro,MW,West Bengal,2024,1,1341.2
2024-02-15,Hydro,MW,West Bengal,2024,2,1341.2
2024-03-15,Hydro,MW,West Bengal,2024,3,1341.2
2024-04-15,Hydro,MW,West Bengal,2024,4,1341.2
2024-05-15,Hydro,MW,West Bengal,2024,5,1341.2
2024-06-15,Hydro,MW,West Bengal,2024,6,1341.2
2024-07-15,Hydro,MW,West Bengal,2024,7,1341.2
2024-08-15,Hydro,MW,West Bengal,2024,8,1341.2
2024-09-15,Hydro,MW,West Bengal,2024,9,1341.2
2024-10-15,Hydro,MW,West Bengal,2024,10,1341.2
2024-11-15,Hydro,MW,West Bengal,2024,11,1341.2
2024-12-15,Hydro,MW,West Bengal,2024,12,1341.2
2025-01-15,Hydro,MW,West Bengal,2025,1,1341.2
2025-02-15,Hydro,MW,West Bengal,2025,2,1341.2
2025-03-15,Hydro,MW,West Bengal,2025,3,1341.2
2025-04-15,Hydro,MW,West Bengal,2025,4,1341.2
2025-05-15,Hydro,MW,West Bengal,2025,5,1341.2
2025-06-15,Hydro,MW,West Bengal,2025,6,1341.2
2025-07-15,Hydro,MW,West Bengal,2025,7,1341.2
2025-08-15,Hydro,MW,West Bengal,2025,8,1341.2
2024-01-15,Solar,MW,West Bengal,2024,1,194.07
2024-02-15,Solar,MW,West Bengal,2024,2,194.07
2024-03-15,Solar,MW,West Bengal,2024,3,194.07
2024-04-15,Solar,MW,West Bengal,2024,4,194.07
2024-05-15,Solar,MW,West Bengal,2024,5,194.07
2024-06-15,Solar,MW,West Bengal,2024,6,194.07
2024-07-15,Solar,MW,West Bengal,2024,7,197.97
2024-08-15,Solar,MW,West Bengal,2024,8,197.97
2024-09-15,Solar,MW,West Bengal,2024,9,310.47
2024-10-15,Solar,MW,West Bengal,2024,10,310.47
2024-11-15,Solar,MW,West Bengal,2024,11,310.47
2024-12-15,Solar,MW,West Bengal,2024,12,310.62
2025-01-15,Solar,MW,West Bengal,2025,1,310.62
2025-02-15,Solar,MW,West Bengal,2025,2,320.62
2025-03-15,Solar,MW,West Bengal,2025,3,320.62
2025-04-15,Solar,MW,West Bengal,2025,4,320.62
2025-05-15,Solar,MW,West Bengal,2025,5,320.62
2025-06-15,Solar,MW,West Bengal,2025,6,320.62
2025-07-15,Solar,MW,West Bengal,2025,7,320.62
2025-08-15,Solar,MW,West Bengal,2025,8,320.62
2024-01-15,Small-Hydro,MW,West Bengal,2024,1,98.5
2024-02-15,Small-Hydro,MW,West Bengal,2024,2,98.5
2024-03-15,Small-Hydro,MW,West Bengal,2024,3,98.5
2024-04-15,Small-Hydro,MW,West Bengal,2024,4,98.5
2024-05-15,Small-Hydro,MW,West Bengal,2024,5,98.5
2024-06-15,Small-Hydro,MW,West Bengal,2024,6,98.5
2024-07-15,Small-Hydro,MW,West Bengal,2024,7,98.5
2024-08-15,Small-Hydro,MW,West Bengal,2024,8,98.5
2024-09-15,Small-Hydro,MW,West Bengal,2024,9,98.5
2024-10-15,Small-Hydro,MW,West Bengal,2024,10,98.5
2024-11-15,Small-Hydro,MW,West Bengal,2024,11,98.5
2024-12-15,Small-Hydro,MW,West Bengal,2024,12,98.5
2025-01-15,Small-Hydro,MW,West Bengal,2025,1,98.5
2025-02-15,Small-Hydro,MW,West Bengal,2025,2,98.5
2025-03-15,Small-Hydro,MW,West Bengal,2025,3,98.5
2025-04-15,Small-Hydro,MW,West Bengal,2025,4,98.5
2025-05-15,Small-Hydro,MW,West Bengal,2025,5,98.5
2025-06-15,Small-Hydro,MW,West Bengal,2025,6,98.5
2025-07-15,Small-Hydro,MW,West Bengal,2025,7,98.5
2025-08-15,Small-Hydro,MW,West Bengal,2025,8,98.5
2024-01-15,Bio Power,MW,West Bengal,2024,1,343.46
2024-02-15,Bio Power,MW,West Bengal,2024,2,343.46
2024-03-15,Bio Power,MW,West Bengal,2024,3,348.36
2024-04-15,Bio Power,MW,West Bengal,2024,4,348.36
2024-05-15,Bio Power,MW,West Bengal,2024,5,348.36
2024-06-15,Bio Power,MW,West Bengal,2024,6,348.36
2024-07-15,Bio Power,MW,West Bengal,2024,7,348.36
2024-08-15,Bio Power,MW,West Bengal,2024,8,348.36
2024-09-15,Bio Power,MW,West Bengal,2024,9,348.36
2024-10-15,Bio Power,MW,West Bengal,2024,10,348.36
2024-11-15,Bio Power,MW,West Bengal,2024,11,348.36
2024-12-15,Bio Power,MW,West Bengal,2024,12,348.36
2025-01-15,Bio Power,MW,West Bengal,2025,1,348.36
2025-02-15,Bio Power,MW,West Bengal,2025,2,348.36
2025-03-15,Bio Power,MW,West Bengal,2025,3,351.86
2025-04-15,Bio Power,MW,West Bengal,2025,4,351.86
2025-05-15,Bio Power,MW,West Bengal,2025,5,351.86
2025-06-15,Bio Power,MW,West Bengal,2025,6,351.86
2025-07-15,Bio Power,MW,West Bengal,2025,7,351.86
2025-08-15,Bio Power,MW,West Bengal,2025,8,351.86
2024-01-15,Coal,MW,Sikkim,2024,1,
2024-02-15,Coal,MW,Sikkim,2024,2,
2024-03-15,Coal,MW,Sikkim,2024,3,
2024-04-15,Coal,MW,Sikkim,2024,4,
2024-05-15,Coal,MW,Sikkim,2024,5,
2024-06-15,Coal,MW,Sikkim,2024,6,
2024-07-15,Coal,MW,Sikkim,2024,7,
2024-08-15,Coal,MW,Sikkim,2024,8,
2024-09-15,Coal,MW,Sikkim,2024,9,
2024-10-15,Coal,MW,Sikkim,2024,10,
2024-11-15,Coal,MW,Sikkim,2024,11,
2024-12-15,Coal,MW,Sikkim,2024,12,
2025-01-15,Coal,MW,Sikkim,2025,1,
2025-02-15,Coal,MW,Sikkim,2025,2,
2025-03-15,Coal,MW,Sikkim,2025,3,
2025-04-15,Coal,MW,Sikkim,2025,4,
2025-05-15,Coal,MW,Sikkim,2025,5,
2025-06-15,Coal,MW,Sikkim,2025,6,
2025-07-15,Coal,MW,Sikkim,2025,7,
2025-08-15,Coal,MW,Sikkim,2025,8,
2024-01-15,Oil & Gas,MW,Sikkim,2024,1,
2024-02-15,Oil & Gas,MW,Sikkim,2024,2,
2024-03-15,Oil & Gas,MW,Sikkim,2024,3,
2024-04-15,Oil & Gas,MW,Sikkim,2024,4,
2024-05-15,Oil & Gas,MW,Sikkim,2024,5,
2024-06-15,Oil & Gas,MW,Sikkim,2024,6,
2024-07-15,Oil & Gas,MW,Sikkim,2024,7,
2024-08-15,Oil & Gas,MW,Sikkim,2024,8,
2024-09-15,Oil & Gas,MW,Sikkim,2024,9,
2024-10-15,Oil & Gas,MW,Sikkim,2024,10,
2024-11-15,Oil & Gas,MW,Sikkim,2024,11,
2024-12-15,Oil & Gas,MW,Sikkim,2024,12,
2025-01-15,Oil & Gas,MW,Sikkim,2025,1,
2025-02-15,Oil & Gas,MW,Sikkim,2025,2,
2025-03-15,Oil & Gas,MW,Sikkim,2025,3,
2025-04-15,Oil & Gas,MW,Sikkim,2025,4,
2025-05-15,Oil & Gas,MW,Sikkim,2025,5,
2025-06-15,Oil & Gas,MW,Sikkim,2025,6,
2025-07-15,Oil & Gas,MW,Sikkim,2025,7,
2025-08-15,Oil & Gas,MW,Sikkim,2025,8,
2024-01-15,Hydro,MW,Sikkim,2024,1,2282
2024-02-15,Hydro,MW,Sikkim,2024,2,2282
2024-03-15,Hydro,MW,Sikkim,2024,3,2282
2024-04-15,Hydro,MW,Sikkim,2024,4,2282
2024-05-15,Hydro,MW,Sikkim,2024,5,2282
2024-06-15,Hydro,MW,Sikkim,2024,6,2282
2024-07-15,Hydro,MW,Sikkim,2024,7,2282
2024-08-15,Hydro,MW,Sikkim,2024,8,2282
2024-09-15,Hydro,MW,Sikkim,2024,9,2282
2024-10-15,Hydro,MW,Sikkim,2024,10,2282
2024-11-15,Hydro,MW,Sikkim,2024,11,2282
2024-12-15,Hydro,MW,Sikkim,2024,12,2282
2025-01-15,Hydro,MW,Sikkim,2025,1,2282
2025-02-15,Hydro,MW,Sikkim,2025,2,2282
2025-03-15,Hydro,MW,Sikkim,2025,3,2282
2025-04-15,Hydro,MW,Sikkim,2025,4,2282
2025-05-15,Hydro,MW,Sikkim,2025,5,2282
2025-06-15,Hydro,MW,Sikkim,2025,6,2282
2025-07-15,Hydro,MW,Sikkim,2025,7,2282
2025-08-15,Hydro,MW,Sikkim,2025,8,2282
2024-01-15,Solar,MW,Sikkim,2024,1,4.68
2024-02-15,Solar,MW,Sikkim,2024,2,4.68
2024-03-15,Solar,MW,Sikkim,2024,3,7.04
2024-04-15,Solar,MW,Sikkim,2024,4,7.04
2024-05-15,Solar,MW,Sikkim,2024,5,7.04
2024-06-15,Solar,MW,Sikkim,2024,6,7.04
2024-07-15,Solar,MW,Sikkim,2024,7,7.56
2024-08-15,Solar,MW,Sikkim,2024,8,7.56
2024-09-15,Solar,MW,Sikkim,2024,9,7.56
2024-10-15,Solar,MW,Sikkim,2024,10,7.56
2024-11-15,Solar,MW,Sikkim,2024,11,7.56
2024-12-15,Solar,MW,Sikkim,2024,12,7.56
2025-01-15,Solar,MW,Sikkim,2025,1,7.56
2025-02-15,Solar,MW,Sikkim,2025,2,7.56
2025-03-15,Solar,MW,Sikkim,2025,3,7.56
2025-04-15,Solar,MW,Sikkim,2025,4,7.56
2025-05-15,Solar,MW,Sikkim,2025,5,7.56
2025-06-15,Solar,MW,Sikkim,2025,6,7.56
2025-07-15,Solar,MW,Sikkim,2025,7,7.56
2025-08-15,Solar,MW,Sikkim,2025,8,7.56
2024-01-15,Small-Hydro,MW,Sikkim,2024,1,55.11
2024-02-15,Small-Hydro,MW,Sikkim,2024,2,55.11
2024-03-15,Small-Hydro,MW,Sikkim,2024,3,55.11
2024-04-15,Small-Hydro,MW,Sikkim,2024,4,55.11
2024-05-15,Small-Hydro,MW,Sikkim,2024,5,55.11
2024-06-15,Small-Hydro,MW,Sikkim,2024,6,55.11
2024-07-15,Small-Hydro,MW,Sikkim,2024,7,55.11
2024-08-15,Small-Hydro,MW,Sikkim,2024,8,55.11
2024-09-15,Small-Hydro,MW,Sikkim,2024,9,55.11
2024-10-15,Small-Hydro,MW,Sikkim,2024,10,55.11
2024-11-15,Small-Hydro,MW,Sikkim,2024,11,55.11
2024-12-15,Small-Hydro,MW,Sikkim,2024,12,55.11
2025-01-15,Small-Hydro,MW,Sikkim,2025,1,55.11
2025-02-15,Small-Hydro,MW,Sikkim,2025,2,55.11
2025-03-15,Small-Hydro,MW,Sikkim,2025,3,55.11
2025-04-15,Small-Hydro,MW,Sikkim,2025,4,55.11
2025-05-15,Small-Hydro,MW,Sikkim,2025,5,55.11
2025-06-15,Small-Hydro,MW,Sikkim,2025,6,55.11
2025-07-15,Small-Hydro,MW,Sikkim,2025,7,55.11
2025-08-15,Small-Hydro,MW,Sikkim,2025,8,55.11
2024-01-15,Bio Power,MW,Sikkim,2024,1,
2024-02-15,Bio Power,MW,Sikkim,2024,2,
2024-03-15,Bio Power,MW,Sikkim,2024,3,
2024-04-15,Bio Power,MW,Sikkim,2024,4,
2024-05-15,Bio Power,MW,Sikkim,2024,5,
2024-06-15,Bio Power,MW,Sikkim,2024,6,
2024-07-15,Bio Power,MW,Sikkim,2024,7,
2024-08-15,Bio Power,MW,Sikkim,2024,8,
2024-09-15,Bio Power,MW,Sikkim,2024,9,
2024-10-15,Bio Power,MW,Sikkim,2024,10,
2024-11-15,Bio Power,MW,Sikkim,2024,11,
2024-12-15,Bio Power,MW,Sikkim,2024,12,
2025-01-15,Bio Power,MW,Sikkim,2025,1,
2025-02-15,Bio Power,MW,Sikkim,2025,2,
2025-03-15,Bio Power,MW,Sikkim,2025,3,
2025-04-15,Bio Power,MW,Sikkim,2025,4,
2025-05-15,Bio Power,MW,Sikkim,2025,5,
2025-06-15,Bio Power,MW,Sikkim,2025,6,
2025-07-15,Bio Power,MW,Sikkim,2025,7,
2025-08-15,Bio Power,MW,Sikkim,2025,8,
2024-01-15,Coal,MW,Bihar,2024,1,9060
2024-02-15,Coal,MW,Bihar,2024,2,9060
2024-03-15,Coal,MW,Bihar,2024,3,9060
2024-04-15,Coal,MW,Bihar,2024,4,9060
2024-05-15,Coal,MW,Bihar,2024,5,9060
2024-06-15,Coal,MW,Bihar,2024,6,9060
2024-07-15,Coal,MW,Bihar,2024,7,9060
2024-08-15,Coal,MW,Bihar,2024,8,9060
2024-09-15,Coal,MW,Bihar,2024,9,9060
2024-10-15,Coal,MW,Bihar,2024,10,9060
2024-11-15,Coal,MW,Bihar,2024,11,9060
2024-12-15,Coal,MW,Bihar,2024,12,9060
2025-01-15,Coal,MW,Bihar,2025,1,9060
2025-02-15,Coal,MW,Bihar,2025,2,9060
2025-03-15,Coal,MW,Bihar,2025,3,9060
2025-04-15,Coal,MW,Bihar,2025,4,8850
2025-05-15,Coal,MW,Bihar,2025,5,8850
2025-06-15,Coal,MW,Bihar,2025,6,9510
2025-07-15,Coal,MW,Bihar,2025,7,9510
2025-08-15,Coal,MW,Bihar,2025,8,9510
2024-01-15,Oil & Gas,MW,Bihar,2024,1,
2024-02-15,Oil & Gas,MW,Bihar,2024,2,
2024-03-15,Oil & Gas,MW,Bihar,2024,3,
2024-04-15,Oil & Gas,MW,Bihar,2024,4,
2024-05-15,Oil & Gas,MW,Bihar,2024,5,
2024-06-15,Oil & Gas,MW,Bihar,2024,6,
2024-07-15,Oil & Gas,MW,Bihar,2024,7,
2024-08-15,Oil & Gas,MW,Bihar,2024,8,
2024-09-15,Oil & Gas,MW,Bihar,2024,9,
2024-10-15,Oil & Gas,MW,Bihar,2024,10,
2024-11-15,Oil & Gas,MW,Bihar,2024,11,
2024-12-15,Oil & Gas,MW,Bihar,2024,12,
2025-01-15,Oil & Gas,MW,Bihar,2025,1,
2025-02-15,Oil & Gas,MW,Bihar,2025,2,
2025-03-15,Oil & Gas,MW,Bihar,2025,3,
2025-04-15,Oil & Gas,MW,Bihar,2025,4,
2025-05-15,Oil & Gas,MW,Bihar,2025,5,
2025-06-15,Oil & Gas,MW,Bihar,2025,6,
2025-07-15,Oil & Gas,MW,Bihar,2025,7,
2025-08-15,Oil & Gas,MW,Bihar,2025,8,
2024-01-15,Hydro,MW,Bihar,2024,1,
2024-02-15,Hydro,MW,Bihar,2024,2,
2024-03-15,Hydro,MW,Bihar,2024,3,
2024-04-15,Hydro,MW,Bihar,2024,4,
2024-05-15,Hydro,MW,Bihar,2024,5,
2024-06-15,Hydro,MW,Bihar,2024,6,
2024-07-15,Hydro,MW,Bihar,2024,7,
2024-08-15,Hydro,MW,Bihar,2024,8,
2024-09-15,Hydro,MW,Bihar,2024,9,
2024-10-15,Hydro,MW,Bihar,2024,10,
2024-11-15,Hydro,MW,Bihar,2024,11,
2024-12-15,Hydro,MW,Bihar,2024,12,
2025-01-15,Hydro,MW,Bihar,2025,1,
2025-02-15,Hydro,MW,Bihar,2025,2,
2025-03-15,Hydro,MW,Bihar,2025,3,
2025-04-15,Hydro,MW,Bihar,2025,4,
2025-05-15,Hydro,MW,Bihar,2025,5,
2025-06-15,Hydro,MW,Bihar,2025,6,
2025-07-15,Hydro,MW,Bihar,2025,7,
2025-08-15,Hydro,MW,Bihar,2025,8,
2024-01-15,Solar,MW,Bihar,2024,1,223.55
2024-02-15,Solar,MW,Bihar,2024,2,223.55
2024-03-15,Solar,MW,Bihar,2024,3,239.23
2024-04-15,Solar,MW,Bihar,2024,4,239.23
2024-05-15,Solar,MW,Bihar,2024,5,239.23
2024-06-15,Solar,MW,Bihar,2024,6,239.23
2024-07-15,Solar,MW,Bihar,2024,7,239.23
2024-08-15,Solar,MW,Bihar,2024,8,239.23
2024-09-15,Solar,MW,Bihar,2024,9,245.17
2024-10-15,Solar,MW,Bihar,2024,10,257.34
2024-11-15,Solar,MW,Bihar,2024,11,267
2024-12-15,Solar,MW,Bihar,2024,12,317.04
2025-01-15,Solar,MW,Bihar,2025,1,317.04
2025-02-15,Solar,MW,Bihar,2025,2,319.44
2025-03-15,Solar,MW,Bihar,2025,3,328.34
2025-04-15,Solar,MW,Bihar,2025,4,328.34
2025-05-15,Solar,MW,Bihar,2025,5,328.34
2025-06-15,Solar,MW,Bihar,2025,6,328.34
2025-07-15,Solar,MW,Bihar,2025,7,411.14
2025-08-15,Solar,MW,Bihar,2025,8,411.14
2024-01-15,Small-Hydro,MW,Bihar,2024,1,70.7
2024-02-15,Small-Hydro,MW,Bihar,2024,2,70.7
2024-03-15,Small-Hydro,MW,Bihar,2024,3,70.7
2024-04-15,Small-Hydro,MW,Bihar,2024,4,70.7
2024-05-15,Small-Hydro,MW,Bihar,2024,5,70.7
2024-06-15,Small-Hydro,MW,Bihar,2024,6,70.7
2024-07-15,Small-Hydro,MW,Bihar,2024,7,70.7
2024-08-15,Small-Hydro,MW,Bihar,2024,8,70.7
2024-09-15,Small-Hydro,MW,Bihar,2024,9,70.7
2024-10-15,Small-Hydro,MW,Bihar,2024,10,70.7
2024-11-15,Small-Hydro,MW,Bihar,2024,11,70.7
2024-12-15,Small-Hydro,MW,Bihar,2024,12,70.7
2025-01-15,Small-Hydro,MW,Bihar,2025,1,70.7
2025-02-15,Small-Hydro,MW,Bihar,2025,2,70.7
2025-03-15,Small-Hydro,MW,Bihar,2025,3,70.7
2025-04-15,Small-Hydro,MW,Bihar,2025,4,70.7
2025-05-15,Small-Hydro,MW,Bihar,2025,5,70.7
2025-06-15,Small-Hydro,MW,Bihar,2025,6,70.7
2025-07-15,Small-Hydro,MW,Bihar,2025,7,70.7
2025-08-15,Small-Hydro,MW,Bihar,2025,8,70.7
2024-01-15,Bio Power,MW,Bihar,2024,1,126.02
2024-02-15,Bio Power,MW,Bihar,2024,2,126.02
2024-03-15,Bio Power,MW,Bihar,2024,3,140.22
2024-04-15,Bio Power,MW,Bihar,2024,4,140.22
2024-05-15,Bio Power,MW,Bihar,2024,5,140.22
2024-06-15,Bio Power,MW,Bihar,2024,6,140.22
2024-07-15,Bio Power,MW,Bihar,2024,7,140.22
2024-08-15,Bio Power,MW,Bihar,2024,8,140.22
2024-09-15,Bio Power,MW,Bihar,2024,9,140.22
2024-10-15,Bio Power,MW,Bihar,2024,10,140.22
2024-11-15,Bio Power,MW,Bihar,2024,11,140.22
2024-12-15,Bio Power,MW,Bihar,2024,12,140.22
2025-01-15,Bio Power,MW,Bihar,2025,1,140.22
2025-02-15,Bio Power,MW,Bihar,2025,2,140.22
2025-03-15,Bio Power,MW,Bihar,2025,3,140.22
2025-04-15,Bio Power,MW,Bihar,2025,4,140.22
2025-05-15,Bio Power,MW,Bihar,2025,5,140.22
2025-06-15,Bio Power,MW,Bihar,2025,6,140.22
2025-07-15,Bio Power,MW,Bihar,2025,7,140.22
2025-08-15,Bio Power,MW,Bihar,2025,8,140.22
2024-01-15,Coal,MW,Jharkhand,2024,1,4910
2024-02-15,Coal,MW,Jharkhand,2024,2,5570
2024-03-15,Coal,MW,Jharkhand,2024,3,5570
2024-04-15,Coal,MW,Jharkhand,2024,4,5570
2024-05-15,Coal,MW,Jharkhand,2024,5,5570
2024-06-15,Coal,MW,Jharkhand,2024,6,5570
2024-07-15,Coal,MW,Jharkhand,2024,7,5570
2024-08-15,Coal,MW,Jharkhand,2024,8,5570
2024-09-15,Coal,MW,Jharkhand,2024,9,5570
2024-10-15,Coal,MW,Jharkhand,2024,10,5570
2024-11-15,Coal,MW,Jharkhand,2024,11,5570
2024-12-15,Coal,MW,Jharkhand,2024,12,5570
2025-01-15,Coal,MW,Jharkhand,2025,1,5570
2025-02-15,Coal,MW,Jharkhand,2025,2,5570
2025-03-15,Coal,MW,Jharkhand,2025,3,5570
2025-04-15,Coal,MW,Jharkhand,2025,4,5570
2025-05-15,Coal,MW,Jharkhand,2025,5,5570
2025-06-15,Coal,MW,Jharkhand,2025,6,6230
2025-07-15,Coal,MW,Jharkhand,2025,7,6230
2025-08-15,Coal,MW,Jharkhand,2025,8,6230
2024-01-15,Oil & Gas,MW,Jharkhand,2024,1,
2024-02-15,Oil & Gas,MW,Jharkhand,2024,2,
2024-03-15,Oil & Gas,MW,Jharkhand,2024,3,
2024-04-15,Oil & Gas,MW,Jharkhand,2024,4,
2024-05-15,Oil & Gas,MW,Jharkhand,2024,5,
2024-06-15,Oil & Gas,MW,Jharkhand,2024,6,
2024-07-15,Oil & Gas,MW,Jharkhand,2024,7,
2024-08-15,Oil & Gas,MW,Jharkhand,2024,8,
2024-09-15,Oil & Gas,MW,Jharkhand,2024,9,
2024-10-15,Oil & Gas,MW,Jharkhand,2024,10,
2024-11-15,Oil & Gas,MW,Jharkhand,2024,11,
2024-12-15,Oil & Gas,MW,Jharkhand,2024,12,
2025-01-15,Oil & Gas,MW,Jharkhand,2025,1,
2025-02-15,Oil & Gas,MW,Jharkhand,2025,2,
2025-03-15,Oil & Gas,MW,Jharkhand,2025,3,
2025-04-15,Oil & Gas,MW,Jharkhand,2025,4,
2025-05-15,Oil & Gas,MW,Jharkhand,2025,5,
2025-06-15,Oil & Gas,MW,Jharkhand,2025,6,
2025-07-15,Oil & Gas,MW,Jharkhand,2025,7,
2025-08-15,Oil & Gas,MW,Jharkhand,2025,8,
2024-01-15,Hydro,MW,Jharkhand,2024,1,210
2024-02-15,Hydro,MW,Jharkhand,2024,2,210
2024-03-15,Hydro,MW,Jharkhand,2024,3,210
2024-04-15,Hydro,MW,Jharkhand,2024,4,210
2024-05-15,Hydro,MW,Jharkhand,2024,5,210
2024-06-15,Hydro,MW,Jharkhand,2024,6,210
2024-07-15,Hydro,MW,Jharkhand,2024,7,210
2024-08-15,Hydro,MW,Jharkhand,2024,8,210
2024-09-15,Hydro,MW,Jharkhand,2024,9,210
2024-10-15,Hydro,MW,Jharkhand,2024,10,210
2024-11-15,Hydro,MW,Jharkhand,2024,11,210
2024-12-15,Hydro,MW,Jharkhand,2024,12,210
2025-01-15,Hydro,MW,Jharkhand,2025,1,210
2025-02-15,Hydro,MW,Jharkhand,2025,2,210
2025-03-15,Hydro,MW,Jharkhand,2025,3,210
2025-04-15,Hydro,MW,Jharkhand,2025,4,210
2025-05-15,Hydro,MW,Jharkhand,2025,5,210
2025-06-15,Hydro,MW,Jharkhand,2025,6,210
2025-07-15,Hydro,MW,Jharkhand,2025,7,210
2025-08-15,Hydro,MW,Jharkhand,2025,8,210
2024-01-15,Solar,MW,Jharkhand,2024,1,123.72
2024-02-15,Solar,MW,Jharkhand,2024,2,123.72
2024-03-15,Solar,MW,Jharkhand,2024,3,162.4
2024-04-15,Solar,MW,Jharkhand,2024,4,163.42
2024-05-15,Solar,MW,Jharkhand,2024,5,164.8
2024-06-15,Solar,MW,Jharkhand,2024,6,166.67
2024-07-15,Solar,MW,Jharkhand,2024,7,167.2
2024-08-15,Solar,MW,Jharkhand,2024,8,171.37
2024-09-15,Solar,MW,Jharkhand,2024,9,175.87
2024-10-15,Solar,MW,Jharkhand,2024,10,181.04
2024-11-15,Solar,MW,Jharkhand,2024,11,187.09
2024-12-15,Solar,MW,Jharkhand,2024,12,199.87
2025-01-15,Solar,MW,Jharkhand,2025,1,199.87
2025-02-15,Solar,MW,Jharkhand,2025,2,199.87
2025-03-15,Solar,MW,Jharkhand,2025,3,199.87
2025-04-15,Solar,MW,Jharkhand,2025,4,199.87
2025-05-15,Solar,MW,Jharkhand,2025,5,199.87
2025-06-15,Solar,MW,Jharkhand,2025,6,199.87
2025-07-15,Solar,MW,Jharkhand,2025,7,200.36
2025-08-15,Solar,MW,Jharkhand,2025,8,204.16
2024-01-15,Small-Hydro,MW,Jharkhand,2024,1,4.05
2024-02-15,Small-Hydro,MW,Jharkhand,2024,2,4.05
2024-03-15,Small-Hydro,MW,Jharkhand,2024,3,4.05
2024-04-15,Small-Hydro,MW,Jharkhand,2024,4,4.05
2024-05-15,Small-Hydro,MW,Jharkhand,2024,5,4.05
2024-06-15,Small-Hydro,MW,Jharkhand,2024,6,4.05
2024-07-15,Small-Hydro,MW,Jharkhand,2024,7,4.05
2024-08-15,Small-Hydro,MW,Jharkhand,2024,8,4.05
2024-09-15,Small-Hydro,MW,Jharkhand,2024,9,4.05
2024-10-15,Small-Hydro,MW,Jharkhand,2024,10,4.05
2024-11-15,Small-Hydro,MW,Jharkhand,2024,11,4.05
2024-12-15,Small-Hydro,MW,Jharkhand,2024,12,4.05
2025-01-15,Small-Hydro,MW,Jharkhand,2025,1,4.05
2025-02-15,Small-Hydro,MW,Jharkhand,2025,2,4.05
2025-03-15,Small-Hydro,MW,Jharkhand,2025,3,4.05
2025-04-15,Small-Hydro,MW,Jharkhand,2025,4,4.05
2025-05-15,Small-Hydro,MW,Jharkhand,2025,5,4.05
2025-06-15,Small-Hydro,MW,Jharkhand,2025,6,4.05
2025-07-15,Small-Hydro,MW,Jharkhand,2025,7,4.05
2025-08-15,Small-Hydro,MW,Jharkhand,2025,8,4.05
2024-01-15,Bio Power,MW,Jharkhand,2024,1,14.1
2024-02-15,Bio Power,MW,Jharkhand,2024,2,14.1
2024-03-15,Bio Power,MW,Jharkhand,2024,3,19.1
2024-04-15,Bio Power,MW,Jharkhand,2024,4,19.1
2024-05-15,Bio Power,MW,Jharkhand,2024,5,19.1
2024-06-15,Bio Power,MW,Jharkhand,2024,6,19.1
2024-07-15,Bio Power,MW,Jharkhand,2024,7,19.1
2024-08-15,Bio Power,MW,Jharkhand,2024,8,19.1
2024-09-15,Bio Power,MW,Jharkhand,2024,9,19.1
2024-10-15,Bio Power,MW,Jharkhand,2024,10,19.1
2024-11-15,Bio Power,MW,Jharkhand,2024,11,19.1
2024-12-15,Bio Power,MW,Jharkhand,2024,12,20.14
2025-01-15,Bio Power,MW,Jharkhand,2025,1,20.14
2025-02-15,Bio Power,MW,Jharkhand,2025,2,20.14
2025-03-15,Bio Power,MW,Jharkhand,2025,3,20.14
2025-04-15,Bio Power,MW,Jharkhand,2025,4,20.14
2025-05-15,Bio Power,MW,Jharkhand,2025,5,20.14
2025-06-15,Bio Power,MW,Jharkhand,2025,6,20.14
2025-07-15,Bio Power,MW,Jharkhand,2025,7,20.14
2025-08-15,Bio Power,MW,Jharkhand,2025,8,20.14
